group_feature,lower,upper,rows_clipped,low_q,high_q
anxiety:au12_mean_amplitude__mean,0.040429328304680205,0.05799867393806081,300,0.005,0.995
anxiety:au12_mean_amplitude__std,0.0005325893881915055,0.008994582409858882,300,0.005,0.995
anxiety:au12_mean_amplitude__min,0.03438712,0.05399075916356349,150,0.005,0.995
anxiety:au12_mean_amplitude__max,0.04372442000214438,0.07057642,150,0.005,0.995
anxiety:au12_mean_amplitude__range,0.0,0.027693804350000028,150,0.005,0.995
anxiety:au12_mean_amplitude__slope,-0.005617853420943659,0.0053456859743723035,600,0.01,0.99
anxiety:au12_variance__mean,0.00018576929644449402,0.0021758957844578526,300,0.005,0.995
anxiety:au12_variance__std,4.8142918822621675e-06,0.0005340178148348508,300,0.005,0.995
anxiety:au12_variance__min,0.00015481,0.00194316,125,0.005,0.995
anxiety:au12_variance__max,0.00021045,0.00240603,105,0.005,0.995
anxiety:au12_variance__range,0.0,0.001336082878871307,150,0.005,0.995
anxiety:au12_variance__slope,-0.000279758957554221,0.0002900183324986845,600,0.01,0.99
anxiety:au12_activation_frequency__mean,0.0,0.43333333,82,0.005,0.995
anxiety:au12_activation_frequency__std,0.0,0.0756865505106387,150,0.005,0.995
anxiety:au12_activation_frequency__min,0.0,0.4322159830579659,150,0.005,0.995
anxiety:au12_activation_frequency__max,0.0,0.45,141,0.005,0.995
anxiety:au12_activation_frequency__range,0.0,0.16666666,143,0.005,0.995
anxiety:au12_activation_frequency__slope,-0.028817479499318423,0.036831049269255726,600,0.01,0.99
anxiety:au15_mean_amplitude__mean,0.009658553296416296,0.0173648525562137,300,0.005,0.995
anxiety:au15_mean_amplitude__std,0.0002333040156536395,0.0036086558312718106,300,0.005,0.995
anxiety:au15_mean_amplitude__min,0.00552322,0.013664096531416165,150,0.005,0.995
anxiety:au15_mean_amplitude__max,0.01137444,0.02592176,138,0.005,0.995
anxiety:au15_mean_amplitude__range,0.0007678175814105135,0.01539483833705723,300,0.005,0.995
anxiety:au15_mean_amplitude__slope,-0.002670762331226325,0.002349011315794219,600,0.01,0.99
anxiety:au4_mean_activation__mean,0.7498625440510851,0.9903267514754751,300,0.005,0.995
anxiety:au4_mean_activation__std,0.003243986076274137,0.39013144393370125,300,0.005,0.995
anxiety:au4_mean_activation__min,-1.43456948,0.9793838444486188,150,0.005,0.995
anxiety:au4_mean_activation__max,0.9497785276034323,0.9993822,150,0.005,0.995
anxiety:au4_mean_activation__range,0.014671066292393687,2.378524449191877,300,0.005,0.995
anxiety:au4_mean_activation__slope,-0.029620285426611374,0.026699565800644087,600,0.01,0.99
anxiety:au4_duration_ratio__mean,0.9306431794138534,0.9819914401874585,300,0.005,0.995
anxiety:au4_duration_ratio__std,0.0001662324224494355,0.010916804335234027,300,0.005,0.995
anxiety:au4_duration_ratio__min,0.861676890148365,0.9800611733687397,300,0.005,0.995
anxiety:au4_duration_ratio__max,0.9525527819097832,0.98419285,150,0.005,0.995
anxiety:au4_duration_ratio__range,0.0,0.09548873957440242,150,0.005,0.995
anxiety:au4_duration_ratio__slope,-0.004439199220489794,0.0037179479712938592,600,0.01,0.99
anxiety:au1_au2_peak_intensity__mean,0.027786562534656722,0.03868228742067074,300,0.005,0.995
anxiety:au1_au2_peak_intensity__std,0.000301593012670303,0.0056091417596722485,300,0.005,0.995
anxiety:au1_au2_peak_intensity__min,0.02417431,0.03522659231469066,150,0.005,0.995
anxiety:au1_au2_peak_intensity__max,0.03005464,0.04947479,141,0.005,0.995
anxiety:au1_au2_peak_intensity__range,0.0,0.018725254779444644,150,0.005,0.995
anxiety:au1_au2_peak_intensity__slope,-0.003910521379684858,0.0038764284348313106,600,0.01,0.99
anxiety:lip_compression_frequency__mean,0.0,0.18333333,146,0.005,0.995
anxiety:lip_compression_frequency__std,0.0,0.052950936313300626,150,0.005,0.995
anxiety:lip_compression_frequency__min,0.0,0.18333333,0,0.005,0.995
anxiety:lip_compression_frequency__max,0.0,0.21666667,0,0.005,0.995
anxiety:lip_compression_frequency__range,0.0,0.08333333,93,0.005,0.995
anxiety:lip_compression_frequency__slope,-0.017638334898479296,0.016306957986312782,600,0.01,0.99
anxiety:overall_au_variance__mean,0.002471622461227079,0.17825751211006377,300,0.005,0.995
anxiety:overall_au_variance__std,4.64408820911781e-05,0.3681290238811906,300,0.005,0.995
anxiety:overall_au_variance__min,0.00197011,0.019361640672428123,196,0.005,0.995
anxiety:overall_au_variance__max,0.00293666,5.523554572564033,298,0.005,0.995
anxiety:overall_au_variance__range,0.0,4.693778706851582,150,0.005,0.995
anxiety:overall_au_variance__slope,-0.002315565746028631,0.004122904676439972,600,0.01,0.99
anxiety:facial_emotional_range__mean,0.006732581111437555,0.023025514212129727,300,0.005,0.995
anxiety:facial_emotional_range__std,0.0,0.005009502086624579,150,0.005,0.995
anxiety:facial_emotional_range__min,0.00642133,0.02267338,63,0.005,0.995
anxiety:facial_emotional_range__max,0.006746341050898138,0.02539938,150,0.005,0.995
anxiety:facial_emotional_range__range,0.0,0.009704936700000007,150,0.005,0.995
anxiety:facial_emotional_range__slope,-0.00276179986542913,0.0025759157276593267,600,0.01,0.99
anxiety:facial_transition_frequency__mean,0.0,0.7012898449522229,150,0.005,0.995
anxiety:facial_transition_frequency__std,0.0,0.11974180094445083,150,0.005,0.995
anxiety:facial_transition_frequency__min,0.0,0.6,83,0.005,0.995
anxiety:facial_transition_frequency__max,0.0,0.8,0,0.005,0.995
anxiety:facial_transition_frequency__range,0.0,0.3999999999999999,46,0.005,0.995
anxiety:facial_transition_frequency__slope,-0.0755408536340875,0.07586125938469768,600,0.01,0.99
anxiety:near_zero_au_activation_ratio__mean,0.8715508929457391,0.9994647511385171,300,0.005,0.995
anxiety:near_zero_au_activation_ratio__std,0.0,0.03145821703305001,150,0.005,0.995
anxiety:near_zero_au_activation_ratio__min,0.86287625,0.99665552,245,0.005,0.995
anxiety:near_zero_au_activation_ratio__max,0.88963211,1.0,146,0.005,0.995
anxiety:near_zero_au_activation_ratio__range,0.0,0.08361204,139,0.005,0.995
anxiety:near_zero_au_activation_ratio__slope,-0.010107163182211986,0.016297432582289124,600,0.01,0.99
anxiety:mean_head_velocity__mean,0.04316695400607398,0.27892911595158865,300,0.005,0.995
anxiety:mean_head_velocity__std,0.0006929359719415795,0.03200734481698371,300,0.005,0.995
anxiety:mean_head_velocity__min,0.03625854,0.25464628,149,0.005,0.995
anxiety:mean_head_velocity__max,0.04701370414801204,0.29551343,150,0.005,0.995
anxiety:mean_head_velocity__range,0.0,0.0883255799999999,149,0.005,0.995
anxiety:mean_head_velocity__slope,-0.018676833341145154,0.016525452999916618,600,0.01,0.99
anxiety:head_velocity_peak__mean,0.2492557299999999,6.50932958,111,0.005,0.995
anxiety:head_velocity_peak__std,0.0,2.546234955842463,150,0.005,0.995
anxiety:head_velocity_peak__min,0.17823865,6.50932958,0,0.005,0.995
anxiety:head_velocity_peak__max,0.28858204,6.50932958,141,0.005,0.995
anxiety:head_velocity_peak__range,0.0,5.2372861,148,0.005,0.995
anxiety:head_velocity_peak__slope,-1.652184238815412,1.5169028688720463,600,0.01,0.99
anxiety:head_motion_energy__mean,0.08144553192760254,13.812461382067658,300,0.005,0.995
anxiety:head_motion_energy__std,0.0013687446497709496,3.9636687456060704,300,0.005,0.995
anxiety:head_motion_energy__min,0.060246,11.13351690467995,150,0.005,0.995
anxiety:head_motion_energy__max,0.09638860348450912,17.31409905204643,300,0.005,0.995
anxiety:head_motion_energy__range,0.0,13.073685824769894,150,0.005,0.995
anxiety:head_motion_energy__slope,-2.347404122919963,2.0621222699127366,600,0.01,0.99
anxiety:motion_energy_floor_score__mean,0.3298048713915042,0.9397873476880545,300,0.005,0.995
anxiety:motion_energy_floor_score__std,0.0013260612139042488,0.11875125768584437,300,0.005,0.995
anxiety:motion_energy_floor_score__min,0.2378807485019936,0.92,234,0.005,0.995
anxiety:motion_energy_floor_score__max,0.385810935854919,0.98,150,0.005,0.995
anxiety:motion_energy_floor_score__range,0.0,0.3013376587121688,150,0.005,0.995
anxiety:motion_energy_floor_score__slope,-0.05604850377949725,0.06336031931372704,600,0.01,0.99
anxiety:landmark_displacement_mean__mean,0.0012199103189242176,0.012991392056571554,300,0.005,0.995
anxiety:landmark_displacement_mean__std,0.000416653716782176,0.02140369029223736,300,0.005,0.995
anxiety:landmark_displacement_mean__min,0.00010784,0.0033674,116,0.005,0.995
anxiety:landmark_displacement_mean__max,0.002379008456105556,0.09953584,150,0.005,0.995
anxiety:landmark_displacement_mean__range,0.0007294011689149655,0.09882473892411378,300,0.005,0.995
anxiety:landmark_displacement_mean__slope,-0.008059280121953751,0.008208538006097289,600,0.01,0.99
anxiety:gesture_frequency__mean,0.6552087653505444,0.9918164436099504,300,0.005,0.995
anxiety:gesture_frequency__std,0.01807931578980939,0.10871538321775391,300,0.005,0.995
anxiety:gesture_frequency__min,0.4,0.94,148,0.005,0.995
anxiety:gesture_frequency__max,0.9,1.0,89,0.005,0.995
anxiety:gesture_frequency__range,0.0,0.49217017894359205,150,0.005,0.995
anxiety:gesture_frequency__slope,-0.016491623339235616,0.04823588974881564,600,0.01,0.99
anxiety:posture_rigidity_index__mean,0.7819365287166424,0.9983323285503456,300,0.005,0.995
anxiety:posture_rigidity_index__std,2.4221204207000096e-05,0.05985169157427259,300,0.005,0.995
anxiety:posture_rigidity_index__min,0.77030986,0.9982683154091355,150,0.005,0.995
anxiety:posture_rigidity_index__max,0.8074300384041975,0.99921978,150,0.005,0.995
anxiety:posture_rigidity_index__range,0.0,0.1519007445500002,150,0.005,0.995
anxiety:posture_rigidity_index__slope,-0.03724711898446855,0.03971610241332057,600,0.01,0.99
anxiety:micro_motion_energy__mean,0.019349758719596648,26.141093696052003,300,0.005,0.995
anxiety:micro_motion_energy__std,0.011505977045036999,80.42713476299213,300,0.005,0.995
anxiety:micro_motion_energy__min,0.0001102,0.10720754001721941,150,0.005,0.995
anxiety:micro_motion_energy__max,0.05122467,347.67349487,147,0.005,0.995
anxiety:micro_motion_energy__range,0.030533193533471552,347.66678081285,300,0.005,0.995
anxiety:micro_motion_energy__slope,-27.80180885774403,21.934301848340883,600,0.01,0.99
anxiety:blink_rate__mean,2.0,27.366666666666667,269,0.005,0.995
anxiety:blink_rate__std,0.0,2.130430613206107,150,0.005,0.995
anxiety:blink_rate__min,2.0,26.0,253,0.005,0.995
anxiety:blink_rate__max,2.0,28.0,0,0.005,0.995
anxiety:blink_rate__range,0.0,6.0,67,0.005,0.995
anxiety:blink_rate__slope,-1.0841208930446578,1.1144096133459078,600,0.01,0.99
anxiety:blink_duration__mean,0.17137589556823,0.3955146315611992,300,0.005,0.995
anxiety:blink_duration__std,0.0,0.04093437663187734,150,0.005,0.995
anxiety:blink_duration__min,0.16848493,0.38759892,176,0.005,0.995
anxiety:blink_duration__max,0.17173803,0.40620658,0,0.005,0.995
anxiety:blink_duration__range,0.0,0.06524011,149,0.005,0.995
anxiety:blink_duration__slope,-0.004466668979031236,0.014667392102677987,600,0.01,0.99
anxiety:blink_cluster_density__mean,0.0166666699999999,0.26666667,124,0.005,0.995
anxiety:blink_cluster_density__std,0.0,0.02555370446112684,150,0.005,0.995
anxiety:blink_cluster_density__min,0.01666667,0.26666667,131,0.005,0.995
anxiety:blink_cluster_density__max,0.01666667,0.26666667,0,0.005,0.995
anxiety:blink_cluster_density__range,0.0,0.08333333,127,0.005,0.995
anxiety:blink_cluster_density__slope,-0.014657468918596386,0.014261210263570101,600,0.01,0.99
anxiety:eye_contact_ratio__mean,0.653298189067917,0.9095769312811134,300,0.005,0.995
anxiety:eye_contact_ratio__std,0.001040387254406956,0.05240314427794193,300,0.005,0.995
anxiety:eye_contact_ratio__min,0.63379866,0.89766001,131,0.005,0.995
anxiety:eye_contact_ratio__max,0.7064444147476557,0.92023582,150,0.005,0.995
anxiety:eye_contact_ratio__range,0.0,0.12660956110755,150,0.005,0.995
anxiety:eye_contact_ratio__slope,-0.0277454730734365,0.03098869196256948,600,0.01,0.99
anxiety:downward_gaze_frequency__mean,0.2952626438191429,2.379257307433578,300,0.005,0.995
anxiety:downward_gaze_frequency__std,2.2417016344387017e-16,0.10686230104752899,300,0.005,0.995
anxiety:downward_gaze_frequency__min,0.15778347937057496,2.33333333,212,0.005,0.995
anxiety:downward_gaze_frequency__max,0.35,2.41666667,144,0.005,0.995
anxiety:downward_gaze_frequency__range,0.0,0.4166666699999999,145,0.005,0.995
anxiety:downward_gaze_frequency__slope,-0.05680794306868643,0.057374002596673794,600,0.01,0.99
anxiety:gaze_shift_frequency__mean,1.3372930029647196,3.0005510237517057,300,0.005,0.995
anxiety:gaze_shift_frequency__std,0.013408327940918867,0.35853283281952275,300,0.005,0.995
anxiety:gaze_shift_frequency__min,0.8,2.9000249892743,274,0.005,0.995
anxiety:gaze_shift_frequency__max,1.64,3.1,119,0.005,0.995
anxiety:gaze_shift_frequency__range,0.0,1.0800289001548444,150,0.005,0.995
anxiety:gaze_shift_frequency__slope,-0.1938548766761346,0.19487792380835456,600,0.01,0.99
anxiety:baseline_eye_openness__mean,0.25109561952184684,0.47851599308340437,300,0.005,0.995
anxiety:baseline_eye_openness__std,0.009696685378585675,0.1088666533213383,300,0.005,0.995
anxiety:baseline_eye_openness__min,0.11782991,0.42555579065305554,150,0.005,0.995
anxiety:baseline_eye_openness__max,0.35762405931656344,0.54497777,150,0.005,0.995
anxiety:baseline_eye_openness__range,0.01812371307982651,0.36255813,299,0.005,0.995
anxiety:baseline_eye_openness__slope,-0.0939349847824057,0.08460864645481606,600,0.01,0.99
anxiety:response_latency_mean__mean,0.0,164.18412868564474,150,0.005,0.995
anxiety:response_latency_mean__std,0.0,48.77981583765277,150,0.005,0.995
anxiety:response_latency_mean__min,0.0,151.57478452,88,0.005,0.995
anxiety:response_latency_mean__max,0.0,172.39587867,0,0.005,0.995
anxiety:response_latency_mean__range,0.0,117.09458526,0,0.005,0.995
anxiety:response_latency_mean__slope,-2.0276269531495664e-20,4.4208590185985575,600,0.01,0.99
anxiety:speech_onset_delay__mean,0.0,173.5388208338795,150,0.005,0.995
anxiety:speech_onset_delay__std,0.0,73.3148566628655,150,0.005,0.995
anxiety:speech_onset_delay__min,0.0,151.57478452,83,0.005,0.995
anxiety:speech_onset_delay__max,0.0,193.21697283,0,0.005,0.995
anxiety:speech_onset_delay__range,0.0,145.08278609,6,0.005,0.995
anxiety:speech_onset_delay__slope,-1.9479010597815162e-20,8.620463035516934,600,0.01,0.99
anxiety:nod_onset_latency__mean,0.0,2.662356110000001,91,0.005,0.995
anxiety:nod_onset_latency__std,0.0,0.6431002904196003,150,0.005,0.995
anxiety:nod_onset_latency__min,0.0,2.66235611,0,0.005,0.995
anxiety:nod_onset_latency__max,0.0,2.72836092,0,0.005,0.995
anxiety:nod_onset_latency__range,0.0,2.61424475,1,0.005,0.995
anxiety:nod_onset_latency__slope,-0.02803665643421112,0.1371776404969597,600,0.01,0.99
anxiety:pause_duration_mean__mean,0.0,163.03433683653424,150,0.005,0.995
anxiety:pause_duration_mean__std,0.0,48.682086760455405,150,0.005,0.995
anxiety:pause_duration_mean__min,0.0,151.57478452,85,0.005,0.995
anxiety:pause_duration_mean__max,0.0,172.39587867,0,0.005,0.995
anxiety:pause_duration_mean__range,0.0,117.09458526,0,0.005,0.995
anxiety:pause_duration_mean__slope,-2.022307537218928e-20,4.416020188267246,600,0.01,0.99
anxiety:extended_silence_ratio__mean,0.0,1.0,0,0.005,0.995
anxiety:extended_silence_ratio__std,0.0,0.31695850953415167,150,0.005,0.995
anxiety:extended_silence_ratio__min,0.0,1.0,0,0.005,0.995
anxiety:extended_silence_ratio__max,0.0,1.0,0,0.005,0.995
anxiety:extended_silence_ratio__range,0.0,1.0,0,0.005,0.995
anxiety:extended_silence_ratio__slope,0.0,0.0,261,0.01,0.99
anxiety:reaction_time_instability_index__mean,0.0,80.03423068000002,38,0.005,0.995
anxiety:reaction_time_instability_index__std,0.0,16.378200186582852,150,0.005,0.995
anxiety:reaction_time_instability_index__min,0.0,80.03423068,0,0.005,0.995
anxiety:reaction_time_instability_index__max,0.0,80.03423068,0,0.005,0.995
anxiety:reaction_time_instability_index__range,0.0,80.03423068,0,0.005,0.995
anxiety:reaction_time_instability_index__slope,-9.821071555091217e-21,4.461872676422923,600,0.01,0.99
bipolar:au12_mean_amplitude__mean,0.05272726902461154,0.07730213815929991,300,0.005,0.995
bipolar:au12_mean_amplitude__std,0.0010930137462709045,0.009369055944102806,300,0.005,0.995
bipolar:au12_mean_amplitude__min,0.04663103,0.06993620811230132,150,0.005,0.995
bipolar:au12_mean_amplitude__max,0.05673274,0.08502967,149,0.005,0.995
bipolar:au12_mean_amplitude__range,0.0006527463999999006,0.03409222,289,0.005,0.995
bipolar:au12_mean_amplitude__slope,-0.00678309424120551,0.006769400265114539,600,0.01,0.99
bipolar:au12_variance__mean,0.0002517244895473485,0.0031598645330986603,300,0.005,0.995
bipolar:au12_variance__std,6.3150880120363886e-06,0.0010598670055114486,300,0.005,0.995
bipolar:au12_variance__min,0.0001876,0.00299318,125,0.005,0.995
bipolar:au12_variance__max,0.00027206,0.0033207,108,0.005,0.995
bipolar:au12_variance__range,0.0,0.0027263102,150,0.005,0.995
bipolar:au12_variance__slope,-0.00064994107369006,0.0006551287188839165,600,0.01,0.99
bipolar:au12_activation_frequency__mean,0.0166666699999999,1.0419883736853495,150,0.005,0.995
bipolar:au12_activation_frequency__std,0.0,0.09636529335101159,150,0.005,0.995
bipolar:au12_activation_frequency__min,0.01666667,1.03333333,18,0.005,0.995
bipolar:au12_activation_frequency__max,0.01666667,1.05,0,0.005,0.995
bipolar:au12_activation_frequency__range,0.0,0.45,136,0.005,0.995
bipolar:au12_activation_frequency__slope,-0.04723899558163526,0.04885214915761899,600,0.01,0.99
bipolar:au15_mean_amplitude__mean,0.01730558608852579,0.025111476736444666,300,0.005,0.995
bipolar:au15_mean_amplitude__std,0.000756325058804396,0.003765537259267672,300,0.005,0.995
bipolar:au15_mean_amplitude__min,0.01308937,0.02109895,125,0.005,0.995
bipolar:au15_mean_amplitude__max,0.019875162817253857,0.0324289,150,0.005,0.995
bipolar:au15_mean_amplitude__range,0.0034864197428505677,0.0171140599999999,285,0.005,0.995
bipolar:au15_mean_amplitude__slope,-0.00324587832697939,0.0032171083159685814,600,0.01,0.99
bipolar:au4_mean_activation__mean,0.9466497318867758,0.9920132156992546,300,0.005,0.995
bipolar:au4_mean_activation__std,0.0019460551639104032,0.018334386750412324,300,0.005,0.995
bipolar:au4_mean_activation__min,0.92530816,0.98071421,103,0.005,0.995
bipolar:au4_mean_activation__max,0.9577372242665779,0.99917598,150,0.005,0.995
bipolar:au4_mean_activation__range,0.002498612587380749,0.060491980486758246,300,0.005,0.995
bipolar:au4_mean_activation__slope,-0.0105915395235629,0.012623929293443834,588,0.01,0.99
bipolar:au4_duration_ratio__mean,0.9590886740912894,0.9874243584613687,300,0.005,0.995
bipolar:au4_duration_ratio__std,0.0001381076439928575,0.005208813140234239,300,0.005,0.995
bipolar:au4_duration_ratio__min,0.95860266,0.9859067631213766,150,0.005,0.995
bipolar:au4_duration_ratio__max,0.9598299251738045,0.98952996,252,0.005,0.995
bipolar:au4_duration_ratio__range,0.0,0.014642997560605567,150,0.005,0.995
bipolar:au4_duration_ratio__slope,-0.002615129945387691,0.0032970096062422787,600,0.01,0.99
bipolar:au1_au2_peak_intensity__mean,0.040837259757583885,0.05418180882790323,300,0.005,0.995
bipolar:au1_au2_peak_intensity__std,0.0004487659598756925,0.005959234686026625,300,0.005,0.995
bipolar:au1_au2_peak_intensity__min,0.03757286,0.051164083561181205,150,0.005,0.995
bipolar:au1_au2_peak_intensity__max,0.04179691,0.05859781,149,0.005,0.995
bipolar:au1_au2_peak_intensity__range,0.0,0.0182476,143,0.005,0.995
bipolar:au1_au2_peak_intensity__slope,-0.004064051880751677,0.00351249649463482,600,0.01,0.99
bipolar:overall_au_variance__mean,0.001515740724314027,0.008222045325918534,300,0.005,0.995
bipolar:overall_au_variance__std,3.1239148936380695e-05,0.0028188765703334047,300,0.005,0.995
bipolar:overall_au_variance__min,0.00082642,0.007880839312997523,164,0.005,0.995
bipolar:overall_au_variance__max,0.00170209,0.00857082,134,0.005,0.995
bipolar:overall_au_variance__range,0.0,0.00621020826217363,150,0.005,0.995
bipolar:overall_au_variance__slope,-0.001356810081188758,0.00127947329423415,600,0.01,0.99
bipolar:facial_emotional_range__mean,0.008166980991989812,0.02618325,150,0.005,0.995
bipolar:facial_emotional_range__std,0.0,0.00588417021610101,150,0.005,0.995
bipolar:facial_emotional_range__min,0.00709697,0.02618325,122,0.005,0.995
bipolar:facial_emotional_range__max,0.00995474,0.02618325,130,0.005,0.995
bipolar:facial_emotional_range__range,0.0,0.01579733,143,0.005,0.995
bipolar:facial_emotional_range__slope,-0.004570897084160049,0.003229507899106596,600,0.01,0.99
bipolar:facial_transition_frequency__mean,0.09700679982904624,0.6445392518027653,300,0.005,0.995
bipolar:facial_transition_frequency__std,2.797499069501051e-17,0.16800886633649298,290,0.005,0.995
bipolar:facial_transition_frequency__min,0.0,0.6,0,0.005,0.995
bipolar:facial_transition_frequency__max,0.2,0.7,131,0.005,0.995
bipolar:facial_transition_frequency__range,0.0,0.5,15,0.005,0.995
bipolar:facial_transition_frequency__slope,-0.07457843780882975,0.0799121885513107,600,0.01,0.99
bipolar:near_zero_au_activation_ratio__mean,0.9338669839883837,0.9934073199669659,300,0.005,0.995
bipolar:near_zero_au_activation_ratio__std,2.238968481936314e-16,0.01607648932709536,300,0.005,0.995
bipolar:near_zero_au_activation_ratio__min,0.91271259,0.98996656,150,0.005,0.995
bipolar:near_zero_au_activation_ratio__max,0.93979933,0.99665552,92,0.005,0.995
bipolar:near_zero_au_activation_ratio__range,0.0,0.06354515,134,0.005,0.995
bipolar:near_zero_au_activation_ratio__slope,-0.008318634828234604,0.008947262912484944,600,0.01,0.99
bipolar:mean_head_velocity__mean,0.05306310819605096,0.13819756002277553,300,0.005,0.995
bipolar:mean_head_velocity__std,0.0008367953727239186,0.015457916793132182,300,0.005,0.995
bipolar:mean_head_velocity__min,0.05002709,0.12723500965090614,200,0.005,0.995
bipolar:mean_head_velocity__max,0.05584575,0.14780085,70,0.005,0.995
bipolar:mean_head_velocity__range,0.0,0.04591072229999991,150,0.005,0.995
bipolar:mean_head_velocity__slope,-0.009662693400166187,0.009320396054274155,600,0.01,0.99
bipolar:head_velocity_peak__mean,0.22877836,3.168016080000001,120,0.005,0.995
bipolar:head_velocity_peak__std,0.0,1.3268549212148448,150,0.005,0.995
bipolar:head_velocity_peak__min,0.22877836,3.16801608,34,0.005,0.995
bipolar:head_velocity_peak__max,0.22877836,3.16801608,0,0.005,0.995
bipolar:head_velocity_peak__range,0.0,2.70108457,149,0.005,0.995
bipolar:head_velocity_peak__slope,-0.9082255454646678,0.7787173573927909,600,0.01,0.99
bipolar:head_motion_energy__mean,0.09043973232472391,10.201970603007716,300,0.005,0.995
bipolar:head_motion_energy__std,0.000972759744955472,4.9030070002657515,300,0.005,0.995
bipolar:head_motion_energy__min,0.07129626,10.15410195,129,0.005,0.995
bipolar:head_motion_energy__max,0.13424334,10.23478132,149,0.005,0.995
bipolar:head_motion_energy__range,0.0,10.01707075,141,0.005,0.995
bipolar:head_motion_energy__slope,-3.081269432933413,1.3453149929970427,600,0.01,0.99
bipolar:motion_energy_floor_score__mean,0.5727549287475335,0.918985579471496,300,0.005,0.995
bipolar:motion_energy_floor_score__std,0.0014702215603023844,0.07682764030842415,300,0.005,0.995
bipolar:motion_energy_floor_score__min,0.53666667,0.90321322,205,0.005,0.995
bipolar:motion_energy_floor_score__max,0.63066667,0.93532018,144,0.005,0.995
bipolar:motion_energy_floor_score__range,0.0,0.2633333299999999,150,0.005,0.995
bipolar:motion_energy_floor_score__slope,-0.04915227921563586,0.046573832400033155,600,0.01,0.99
bipolar:landmark_displacement_mean__mean,0.0012364764098476229,0.01330951026192808,300,0.005,0.995
bipolar:landmark_displacement_mean__std,0.000556923974577195,0.034396250373404984,300,0.005,0.995
bipolar:landmark_displacement_mean__min,0.00038275,0.002154723240034519,150,0.005,0.995
bipolar:landmark_displacement_mean__max,0.0027862138910216437,0.15125208,150,0.005,0.995
bipolar:landmark_displacement_mean__range,0.0013614003793589692,0.15086933,150,0.005,0.995
bipolar:landmark_displacement_mean__slope,-0.00393803957141808,0.0052317918937369225,600,0.01,0.99
bipolar:gesture_frequency__mean,0.4199945416429449,0.9882516722991642,300,0.005,0.995
bipolar:gesture_frequency__std,1.1197799302441655e-16,0.2454007764497077,300,0.005,0.995
bipolar:gesture_frequency__min,0.1,0.92,68,0.005,0.995
bipolar:gesture_frequency__max,0.5,1.0,16,0.005,0.995
bipolar:gesture_frequency__range,0.0,0.76,149,0.005,0.995
bipolar:gesture_frequency__slope,-0.059711484248395987,0.09925523623411628,600,0.01,0.99
bipolar:posture_rigidity_index__mean,0.9166818652488065,0.9986261898326707,300,0.005,0.995
bipolar:posture_rigidity_index__std,2.5476665608082826e-05,0.02350000261709118,300,0.005,0.995
bipolar:posture_rigidity_index__min,0.91111917,0.9984834,116,0.005,0.995
bipolar:posture_rigidity_index__max,0.9362969,0.99874483,140,0.005,0.995
bipolar:posture_rigidity_index__range,0.0,0.07696192,146,0.005,0.995
bipolar:posture_rigidity_index__slope,-0.01336201108089893,0.013318214846576483,600,0.01,0.99
bipolar:micro_motion_energy__mean,0.022362835205759747,35.36142705187952,300,0.005,0.995
bipolar:micro_motion_energy__std,0.018733775011663147,125.46282326317248,300,0.005,0.995
bipolar:micro_motion_energy__min,0.00109992,0.05429417,117,0.005,0.995
bipolar:micro_motion_energy__max,0.07116158,567.75050388,107,0.005,0.995
bipolar:micro_motion_energy__range,0.06325665183031833,567.74923386,243,0.005,0.995
bipolar:micro_motion_energy__slope,-8.172714102068365,14.44846980575994,600,0.01,0.99
bipolar:blink_rate__mean,1.6703357971012414,37.560225410043905,300,0.005,0.995
bipolar:blink_rate__std,0.0,2.2689120167169956,150,0.005,0.995
bipolar:blink_rate__min,0.0,36.0,147,0.005,0.995
bipolar:blink_rate__max,3.0,38.0,84,0.005,0.995
bipolar:blink_rate__range,0.0,9.0,84,0.005,0.995
bipolar:blink_rate__slope,-1.0388878866818865,1.4158911089116641,600,0.01,0.99
bipolar:blink_duration__mean,0.14793652549524058,0.4368220181015627,300,0.005,0.995
bipolar:blink_duration__std,0.0,0.10757746159599145,150,0.005,0.995
bipolar:blink_duration__min,0.0,0.41667347,147,0.005,0.995
bipolar:blink_duration__max,0.16574508,0.45471632,148,0.005,0.995
bipolar:blink_duration__range,0.0,0.2500003931500016,150,0.005,0.995
bipolar:blink_duration__slope,-0.018053536022889533,0.05302261491938976,600,0.01,0.99
bipolar:blink_cluster_density__mean,0.0038054652491219315,0.49444444435240814,300,0.005,0.995
bipolar:blink_cluster_density__std,0.0,0.03929733037893834,150,0.005,0.995
bipolar:blink_cluster_density__min,0.0,0.47056477982891076,150,0.005,0.995
bipolar:blink_cluster_density__max,0.01666667,0.5,79,0.005,0.995
bipolar:blink_cluster_density__range,0.0,0.15,101,0.005,0.995
bipolar:blink_cluster_density__slope,-0.01808876357734036,0.023843531086657294,600,0.01,0.99
bipolar:eye_contact_ratio__mean,0.8251085279423095,0.9074312439329736,300,0.005,0.995
bipolar:eye_contact_ratio__std,0.0011348236908734631,0.023931964789354946,300,0.005,0.995
bipolar:eye_contact_ratio__min,0.81551112,0.8978332008379115,249,0.005,0.995
bipolar:eye_contact_ratio__max,0.83422441,0.92021607,120,0.005,0.995
bipolar:eye_contact_ratio__range,0.0,0.06454675757567103,150,0.005,0.995
bipolar:eye_contact_ratio__slope,-0.013050739752355737,0.014074034772290519,600,0.01,0.99
bipolar:downward_gaze_frequency__mean,0.020279337790946338,0.28333333,202,0.005,0.995
bipolar:downward_gaze_frequency__std,0.0,0.056773920918494834,150,0.005,0.995
bipolar:downward_gaze_frequency__min,0.00666667,0.28333333,141,0.005,0.995
bipolar:downward_gaze_frequency__max,0.03333333,0.28333333,86,0.005,0.995
bipolar:downward_gaze_frequency__range,0.0,0.15,101,0.005,0.995
bipolar:downward_gaze_frequency__slope,-0.027823079772685864,0.02680250963722861,600,0.01,0.99
bipolar:gaze_shift_frequency__mean,0.17724511968253215,1.6265616442373692,300,0.005,0.995
bipolar:gaze_shift_frequency__std,0.022960651774313705,0.41864722624518586,300,0.005,0.995
bipolar:gaze_shift_frequency__min,0.08140752158549973,1.5,245,0.005,0.995
bipolar:gaze_shift_frequency__max,0.3,1.76,55,0.005,0.995
bipolar:gaze_shift_frequency__range,0.0,1.0,86,0.005,0.995
bipolar:gaze_shift_frequency__slope,-0.12976666920845878,0.1753501836822083,600,0.01,0.99
bipolar:baseline_eye_openness__mean,0.27683428620369127,0.6541622892444446,300,0.005,0.995
bipolar:baseline_eye_openness__std,0.01704317134623142,0.193822615996938,300,0.005,0.995
bipolar:baseline_eye_openness__min,0.13773175,0.4685377,147,0.005,0.995
bipolar:baseline_eye_openness__max,0.32905885,0.7150654,9,0.005,0.995
bipolar:baseline_eye_openness__range,0.06518689004999989,0.54419551,295,0.005,0.995
bipolar:baseline_eye_openness__slope,-0.09656006184608715,0.14498371245981587,600,0.01,0.99
bipolar:response_latency_mean__mean,0.5899432657914472,3.86301853203925,300,0.005,0.995
bipolar:response_latency_mean__std,0.0,0.35658353694265094,150,0.005,0.995
bipolar:response_latency_mean__min,0.12625145307862648,3.83080683,150,0.005,0.995
bipolar:response_latency_mean__max,0.73256654,4.12752796,0,0.005,0.995
bipolar:response_latency_mean__range,0.0,1.2788934799999998,132,0.005,0.995
bipolar:response_latency_mean__slope,-0.14372876270212734,0.28332832509203715,600,0.01,0.99
bipolar:speech_onset_delay__mean,0.06691957,14.289029830066573,161,0.005,0.995
bipolar:speech_onset_delay__std,0.0,8.17958627974395,150,0.005,0.995
bipolar:speech_onset_delay__min,0.06691957,12.97762012,196,0.005,0.995
bipolar:speech_onset_delay__max,0.11005878,20.78420186,74,0.005,0.995
bipolar:speech_onset_delay__range,0.0,20.63582754,114,0.005,0.995
bipolar:speech_onset_delay__slope,-4.536866379299057,4.928685587778251,600,0.01,0.99
bipolar:nod_onset_latency__mean,0.6302256569612563,2.019974705274272,300,0.005,0.995
bipolar:nod_onset_latency__std,0.0,0.34277318331071704,150,0.005,0.995
bipolar:nod_onset_latency__min,0.0,2.01495712,0,0.005,0.995
bipolar:nod_onset_latency__max,0.84313428,2.05985359,101,0.005,0.995
bipolar:nod_onset_latency__range,0.0,1.2040764165500004,150,0.005,0.995
bipolar:nod_onset_latency__slope,-0.0539219367430895,0.18309964404503454,600,0.01,0.99
bipolar:pause_duration_mean__mean,0.5875892586066017,3.862902522757407,300,0.005,0.995
bipolar:pause_duration_mean__std,0.0,0.3565500613552489,150,0.005,0.995
bipolar:pause_duration_mean__min,0.1097141548322762,3.83080683,150,0.005,0.995
bipolar:pause_duration_mean__max,0.73256654,4.12752796,0,0.005,0.995
bipolar:pause_duration_mean__range,0.0,1.2788934799999998,131,0.005,0.995
bipolar:pause_duration_mean__slope,-0.14421257373004645,0.2912317627702104,600,0.01,0.99
bipolar:extended_silence_ratio__mean,0.0,0.29481541355693336,150,0.005,0.995
bipolar:extended_silence_ratio__std,0.0,0.045930765439230484,150,0.005,0.995
bipolar:extended_silence_ratio__min,0.0,0.29166667,0,0.005,0.995
bipolar:extended_silence_ratio__max,0.0,0.31753846,0,0.005,0.995
bipolar:extended_silence_ratio__range,0.0,0.17647059,116,0.005,0.995
bipolar:extended_silence_ratio__slope,-0.013391033622214747,0.03269815196121202,600,0.01,0.99
bipolar:reaction_time_instability_index__mean,0.4506397858139695,5.7586260486114424,300,0.005,0.995
bipolar:reaction_time_instability_index__std,0.0,0.7299795098826113,150,0.005,0.995
bipolar:reaction_time_instability_index__min,0.0,5.75292803,0,0.005,0.995
bipolar:reaction_time_instability_index__max,0.64623593,5.84881759,0,0.005,0.995
bipolar:reaction_time_instability_index__range,0.0,2.0998313700000004,126,0.005,0.995
bipolar:reaction_time_instability_index__slope,-0.10140902890774016,0.516933006703373,600,0.01,0.99
depression:au12_mean_amplitude__mean,0.02505546833833458,0.0789527179425053,300,0.005,0.995
depression:au12_mean_amplitude__std,0.000370906599886948,0.019506841819470936,300,0.005,0.995
depression:au12_mean_amplitude__min,0.02062035,0.0751723,139,0.005,0.995
depression:au12_mean_amplitude__max,0.027191610247708265,0.08540358,150,0.005,0.995
depression:au12_mean_amplitude__range,0.0,0.03863361069999992,150,0.005,0.995
depression:au12_mean_amplitude__slope,-0.010562749965939776,0.009818133496428471,600,0.01,0.99
depression:au12_variance__mean,2.9585809507968032e-05,0.015438969020295736,300,0.005,0.995
depression:au12_variance__std,8.445391749024374e-07,0.006174136205665292,300,0.005,0.995
depression:au12_variance__min,9.99696629097774e-06,0.010035480785754768,300,0.005,0.995
depression:au12_variance__max,3.719e-05,0.01989524,141,0.005,0.995
depression:au12_variance__range,0.0,0.01759207482343256,150,0.005,0.995
depression:au12_variance__slope,-0.002296676440005004,0.002787837311370714,600,0.01,0.99
depression:au12_activation_frequency__mean,0.0,1.1241400962173969,150,0.005,0.995
depression:au12_activation_frequency__std,0.0,0.08058327890754952,150,0.005,0.995
depression:au12_activation_frequency__min,0.0,1.0945385399958774,150,0.005,0.995
depression:au12_activation_frequency__max,0.0,1.13333333,0,0.005,0.995
depression:au12_activation_frequency__range,0.0,0.35,138,0.005,0.995
depression:au12_activation_frequency__slope,-0.04189920348598473,0.04040118123438837,600,0.01,0.99
depression:au15_mean_amplitude__mean,0.006169103667869716,0.020734293171763004,300,0.005,0.995
depression:au15_mean_amplitude__std,0.00023581090939768948,0.005994422118479784,300,0.005,0.995
depression:au15_mean_amplitude__min,0.00424533,0.018899109959371965,150,0.005,0.995
depression:au15_mean_amplitude__max,0.006809599561037911,0.02776053,150,0.005,0.995
depression:au15_mean_amplitude__range,0.0,0.015511484166762748,150,0.005,0.995
depression:au15_mean_amplitude__slope,-0.0027539670586685192,0.0024382087507656604,600,0.01,0.99
depression:au4_mean_activation__mean,0.9341756007211637,0.9811172209281241,300,0.005,0.995
depression:au4_mean_activation__std,0.001683399934267573,0.020420364742996196,300,0.005,0.995
depression:au4_mean_activation__min,0.90458413,0.96962324,232,0.005,0.995
depression:au4_mean_activation__max,0.9468797058897357,0.9962352909601797,300,0.005,0.995
depression:au4_mean_activation__range,0.0,0.0766659453670357,150,0.005,0.995
depression:au4_mean_activation__slope,-0.013249349818259933,0.014993177215985115,600,0.01,0.99
depression:au4_duration_ratio__mean,0.9416706182169078,0.9766084298478823,300,0.005,0.995
depression:au4_duration_ratio__std,0.0001267884374504115,0.00508866120473883,300,0.005,0.995
depression:au4_duration_ratio__min,0.94039699,0.9750225087119394,218,0.005,0.995
depression:au4_duration_ratio__max,0.9428299772469204,0.9790969,187,0.005,0.995
depression:au4_duration_ratio__range,0.0,0.02295975748371708,150,0.005,0.995
depression:au4_duration_ratio__slope,-0.002685774694793916,0.002495533885802815,600,0.01,0.99
depression:au1_au2_peak_intensity__mean,0.017052924009299333,0.04799078170172589,300,0.005,0.995
depression:au1_au2_peak_intensity__std,0.00018295351366860602,0.013047559739055832,300,0.005,0.995
depression:au1_au2_peak_intensity__min,0.01577025,0.0457587,99,0.005,0.995
depression:au1_au2_peak_intensity__max,0.01783217,0.05322172,128,0.005,0.995
depression:au1_au2_peak_intensity__range,0.0,0.022010592974165664,150,0.005,0.995
depression:au1_au2_peak_intensity__slope,-0.005139913783714277,0.005095225364731048,600,0.01,0.99
depression:lip_compression_frequency__mean,0.0,1.3140144644527048,150,0.005,0.995
depression:lip_compression_frequency__std,0.0,0.08872077868962605,150,0.005,0.995
depression:lip_compression_frequency__min,0.0,1.2656870781188991,150,0.005,0.995
depression:lip_compression_frequency__max,0.0,1.33333333,0,0.005,0.995
depression:lip_compression_frequency__range,0.0,0.23333333,147,0.005,0.995
depression:lip_compression_frequency__slope,-0.05287225007024576,0.05629785300227659,600,0.01,0.99
depression:overall_au_variance__mean,0.000688267457733589,0.011122742356615915,300,0.005,0.995
depression:overall_au_variance__std,2.2785353849371448e-05,0.0029808920699064883,300,0.005,0.995
depression:overall_au_variance__min,0.00047615,0.009956957080963422,150,0.005,0.995
depression:overall_au_variance__max,0.0012910077183015856,0.01218298,233,0.005,0.995
depression:overall_au_variance__range,0.0,0.010647346401935787,150,0.005,0.995
depression:overall_au_variance__slope,-0.0012406176158619399,0.0014790571640707398,600,0.01,0.99
depression:facial_emotional_range__mean,0.0028495156283869726,0.03391382938841012,300,0.005,0.995
depression:facial_emotional_range__std,0.0,0.011305378939761851,150,0.005,0.995
depression:facial_emotional_range__min,0.00171139,0.03364346303178328,150,0.005,0.995
depression:facial_emotional_range__max,0.00329096,0.03425897,123,0.005,0.995
depression:facial_emotional_range__range,0.0,0.023049281944464976,150,0.005,0.995
depression:facial_emotional_range__slope,-0.005265001564227037,0.004827296698285332,600,0.01,0.99
depression:facial_transition_frequency__mean,0.0,0.6102536447587461,150,0.005,0.995
depression:facial_transition_frequency__std,0.0,0.12172717384260866,150,0.005,0.995
depression:facial_transition_frequency__min,0.0,0.6,0,0.005,0.995
depression:facial_transition_frequency__max,0.0,0.7,0,0.005,0.995
depression:facial_transition_frequency__range,0.0,0.4,64,0.005,0.995
depression:facial_transition_frequency__slope,-0.08370846309488333,0.0762023842432906,600,0.01,0.99
depression:near_zero_au_activation_ratio__mean,0.9338232468107858,1.0,150,0.005,0.995
depression:near_zero_au_activation_ratio__std,0.0,0.01747758115785964,150,0.005,0.995
depression:near_zero_au_activation_ratio__min,0.92976589,1.0,143,0.005,0.995
depression:near_zero_au_activation_ratio__max,0.94314381,1.0,112,0.005,0.995
depression:near_zero_au_activation_ratio__range,0.0,0.05685619,132,0.005,0.995
depression:near_zero_au_activation_ratio__slope,-0.008119537625698545,0.010544897651492944,600,0.01,0.99
depression:mean_head_velocity__mean,0.0187734543008952,0.1461533584856706,300,0.005,0.995
depression:mean_head_velocity__std,0.000324777495755443,0.02336397748524284,300,0.005,0.995
depression:mean_head_velocity__min,0.01725983,0.12249402,105,0.005,0.995
depression:mean_head_velocity__max,0.02336264584178279,0.19963863195764323,300,0.005,0.995
depression:mean_head_velocity__range,0.0,0.07833575,128,0.005,0.995
depression:mean_head_velocity__slope,-0.017305361910179982,0.01620291209046863,600,0.01,0.99
depression:head_velocity_peak__mean,0.13745186226785577,10.50486812486399,300,0.005,0.995
depression:head_velocity_peak__std,0.0,4.898671860165251,150,0.005,0.995
depression:head_velocity_peak__min,0.08198414,10.48889604,128,0.005,0.995
depression:head_velocity_peak__max,0.16267273,10.51447764,140,0.005,0.995
depression:head_velocity_peak__range,0.0,9.792362849400002,150,0.005,0.995
depression:head_velocity_peak__slope,-3.485149539085855,3.5776584843029102,600,0.01,0.99
depression:head_motion_energy__mean,0.014384797994300156,17.06880705324532,300,0.005,0.995
depression:head_motion_energy__std,0.00028536406361814355,5.237278074700467,300,0.005,0.995
depression:head_motion_energy__min,0.007287709847578698,15.534805150132565,300,0.005,0.995
depression:head_motion_energy__max,0.017454170113417822,25.071677133574703,300,0.005,0.995
depression:head_motion_energy__range,0.0,15.744087322780928,150,0.005,0.995
depression:head_motion_energy__slope,-3.502853085703903,3.6891257904884234,600,0.01,0.99
depression:motion_energy_floor_score__mean,0.6551745226654314,0.9999743094324804,300,0.005,0.995
depression:motion_energy_floor_score__std,0.0,0.07437183027496784,150,0.005,0.995
depression:motion_energy_floor_score__min,0.6,0.996735732626026,161,0.005,0.995
depression:motion_energy_floor_score__max,0.70281864,1.0,149,0.005,0.995
depression:motion_energy_floor_score__range,0.0,0.24324823616779107,150,0.005,0.995
depression:motion_energy_floor_score__slope,-0.04026856242877551,0.04709772693376864,600,0.01,0.99
depression:landmark_displacement_mean__mean,0.0005047966287072625,0.010753522123600413,300,0.005,0.995
depression:landmark_displacement_mean__std,0.0001547528361564225,0.02933827887188528,300,0.005,0.995
depression:landmark_displacement_mean__min,0.00012007,0.0016498104547621264,274,0.005,0.995
depression:landmark_displacement_mean__max,0.00085297,0.11878862,148,0.005,0.995
depression:landmark_displacement_mean__range,0.000130463147919271,0.11799998752407176,300,0.005,0.995
depression:landmark_displacement_mean__slope,-0.007642905811058615,0.007569664271398909,600,0.01,0.99
depression:gesture_frequency__mean,0.580726662475465,0.9945915275232117,300,0.005,0.995
depression:gesture_frequency__std,0.013388452650961008,0.16729499807729678,300,0.005,0.995
depression:gesture_frequency__min,0.3110436049295908,0.96,161,0.005,0.995
depression:gesture_frequency__max,0.8108683062137074,1.0,150,0.005,0.995
depression:gesture_frequency__range,0.0,0.5806476604556448,150,0.005,0.995
depression:gesture_frequency__slope,-0.01714117947962333,0.09728241816487099,600,0.01,0.99
depression:posture_rigidity_index__mean,0.7200642235388766,0.9995191761972441,300,0.005,0.995
depression:posture_rigidity_index__std,7.050766719858079e-06,0.13065576867466178,300,0.005,0.995
depression:posture_rigidity_index__min,0.60929365,0.9993552747662814,150,0.005,0.995
depression:posture_rigidity_index__max,0.7330067843359581,0.99985032,150,0.005,0.995
depression:posture_rigidity_index__range,0.0,0.2692301,149,0.005,0.995
depression:posture_rigidity_index__slope,-0.08747752117594489,0.0836894316972461,600,0.01,0.99
depression:micro_motion_energy__mean,0.002571210711890679,45.17783839280956,300,0.005,0.995
depression:micro_motion_energy__std,0.00168240092541942,146.12329355733684,300,0.005,0.995
depression:micro_motion_energy__min,8.658e-05,0.02326020241935012,150,0.005,0.995
depression:micro_motion_energy__max,0.007262167179004938,645.603596,150,0.005,0.995
depression:micro_motion_energy__range,0.0025077333013743502,645.601617389908,300,0.005,0.995
depression:micro_motion_energy__slope,-29.91909484629348,30.26440553592722,600,0.01,0.99
depression:blink_rate__mean,3.392341692097597,36.40130907236434,300,0.005,0.995
depression:blink_rate__std,0.0,2.4352754133124512,150,0.005,0.995
depression:blink_rate__min,2.0,35.46100512746694,233,0.005,0.995
depression:blink_rate__max,4.0,37.6,44,0.005,0.995
depression:blink_rate__range,0.0,8.0,136,0.005,0.995
depression:blink_rate__slope,-1.2235485778817685,1.4409760503798363,600,0.01,0.99
depression:blink_duration__mean,0.19241049384464962,0.5544435199999999,263,0.005,0.995
depression:blink_duration__std,0.0,0.046465172004903334,150,0.005,0.995
depression:blink_duration__min,0.18115481,0.55444352,93,0.005,0.995
depression:blink_duration__max,0.1998381,0.55444352,39,0.005,0.995
depression:blink_duration__range,0.0,0.10873843,142,0.005,0.995
depression:blink_duration__slope,-0.015586997130197683,0.024369407511026932,600,0.01,0.99
depression:blink_cluster_density__mean,0.00043571047815535376,0.42590949955427426,300,0.005,0.995
depression:blink_cluster_density__std,0.0,0.03980245705021694,150,0.005,0.995
depression:blink_cluster_density__min,0.0,0.41666667,8,0.005,0.995
depression:blink_cluster_density__max,0.01666667,0.44,139,0.005,0.995
depression:blink_cluster_density__range,0.0,0.1166666699999999,96,0.005,0.995
depression:blink_cluster_density__slope,-0.019563720522944365,0.020309114771861706,600,0.01,0.99
depression:eye_contact_ratio__mean,0.686395763780237,0.9251427140768325,300,0.005,0.995
depression:eye_contact_ratio__std,0.000888341041781061,0.04479193072720361,300,0.005,0.995
depression:eye_contact_ratio__min,0.66539625,0.9138229434168472,150,0.005,0.995
depression:eye_contact_ratio__max,0.69980906,0.93160261,91,0.005,0.995
depression:eye_contact_ratio__range,0.0,0.13397427841899864,150,0.005,0.995
depression:eye_contact_ratio__slope,-0.032752356058606484,0.02679711728774234,600,0.01,0.99
depression:downward_gaze_frequency__mean,0.10757830503841065,2.541282384365731,300,0.005,0.995
depression:downward_gaze_frequency__std,0.0016113551873024356,0.09482690260021057,300,0.005,0.995
depression:downward_gaze_frequency__min,0.08333333,2.5,224,0.005,0.995
depression:downward_gaze_frequency__max,0.11666667,2.6,47,0.005,0.995
depression:downward_gaze_frequency__range,0.0,0.3366666600499999,150,0.005,0.995
depression:downward_gaze_frequency__slope,-0.05655917478132408,0.06497829399996669,600,0.01,0.99
depression:gaze_shift_frequency__mean,0.683233329735668,2.8885005850088934,300,0.005,0.995
depression:gaze_shift_frequency__std,0.01425669517319079,0.4958564220996415,300,0.005,0.995
depression:gaze_shift_frequency__min,0.4,2.8,222,0.005,0.995
depression:gaze_shift_frequency__max,0.96,3.0,142,0.005,0.995
depression:gaze_shift_frequency__range,0.0,1.2999999999999998,141,0.005,0.995
depression:gaze_shift_frequency__slope,-0.2030781249501838,0.27542605967564604,600,0.01,0.99
depression:baseline_eye_openness__mean,0.20701674746154466,0.4910895107836339,300,0.005,0.995
depression:baseline_eye_openness__std,0.01052681851112998,0.12187763048077571,300,0.005,0.995
depression:baseline_eye_openness__min,0.13804584,0.42188815,143,0.005,0.995
depression:baseline_eye_openness__max,0.2594561211741023,0.59466698,150,0.005,0.995
depression:baseline_eye_openness__range,0.013973470266399715,0.37093945255000005,300,0.005,0.995
depression:baseline_eye_openness__slope,-0.10438215383641317,0.12091450267776342,600,0.01,0.99
depression:response_latency_mean__mean,0.0,151.56938028000005,32,0.005,0.995
depression:response_latency_mean__std,0.0,60.70143722100202,150,0.005,0.995
depression:response_latency_mean__min,0.0,151.56938028,0,0.005,0.995
depression:response_latency_mean__max,0.0,151.56938028,0,0.005,0.995
depression:response_latency_mean__range,0.0,151.56938028,0,0.005,0.995
depression:response_latency_mean__slope,-1.0886030598482014e-20,1.8762348694455776e-20,600,0.01,0.99
depression:speech_onset_delay__mean,0.0,151.56938028000005,35,0.005,0.995
depression:speech_onset_delay__std,0.0,60.35177952468688,150,0.005,0.995
depression:speech_onset_delay__min,0.0,151.56938028,0,0.005,0.995
depression:speech_onset_delay__max,0.0,151.56938028,0,0.005,0.995
depression:speech_onset_delay__range,0.0,151.56938028,0,0.005,0.995
depression:speech_onset_delay__slope,-1.0812323126611048e-20,1.9429339075894783e-20,600,0.01,0.99
depression:nod_onset_latency__mean,0.0,2.5614387,0,0.005,0.995
depression:nod_onset_latency__std,0.0,0.5832774657015067,150,0.005,0.995
depression:nod_onset_latency__min,0.0,2.5614387,0,0.005,0.995
depression:nod_onset_latency__max,0.0,2.5614387,0,0.005,0.995
depression:nod_onset_latency__range,0.0,2.49151301,0,0.005,0.995
depression:nod_onset_latency__slope,-6.641495462019723e-22,0.3062299277199706,600,0.01,0.99
depression:pause_duration_mean__mean,0.0,151.56938028000005,35,0.005,0.995
depression:pause_duration_mean__std,0.0,59.16553377844716,150,0.005,0.995
depression:pause_duration_mean__min,0.0,151.56938028,0,0.005,0.995
depression:pause_duration_mean__max,0.0,151.56938028,0,0.005,0.995
depression:pause_duration_mean__range,0.0,151.56938028,0,0.005,0.995
depression:pause_duration_mean__slope,-1.0806056475650694e-20,1.949418831460124e-20,600,0.01,0.99
depression:extended_silence_ratio__mean,0.0,1.0,0,0.005,0.995
depression:extended_silence_ratio__std,0.0,0.3914245970571445,150,0.005,0.995
depression:extended_silence_ratio__min,0.0,1.0,0,0.005,0.995
depression:extended_silence_ratio__max,0.0,1.0,0,0.005,0.995
depression:extended_silence_ratio__range,0.0,1.0,0,0.005,0.995
depression:extended_silence_ratio__slope,0.0,0.0,192,0.01,0.99
phobia:au12_mean_amplitude__mean,0.01230779142552677,0.017803329241511536,300,0.005,0.995
phobia:au12_mean_amplitude__std,0.008228961076559833,0.011055682425964126,300,0.005,0.995
phobia:au12_mean_amplitude__min,0.0,0.0002253821804784,0,0.005,0.995
phobia:au12_mean_amplitude__max,0.0302954718835985,0.0472154745946397,84,0.005,0.995
phobia:au12_mean_amplitude__range,0.0302954718835985,0.0472154745946397,85,0.005,0.995
phobia:au12_mean_amplitude__slope,-8.952726749224248e-05,0.00010368086143835199,600,0.01,0.99
phobia:au12_variance__mean,0.000742712593407836,0.001162317847330606,300,0.005,0.995
phobia:au12_variance__std,0.0006785513169077214,0.0009387700253763126,300,0.005,0.995
phobia:au12_variance__max,0.002542973480781417,0.003681525564553,150,0.005,0.995
phobia:au12_variance__range,0.002542973480781417,0.003681525564553,150,0.005,0.995
phobia:au12_variance__slope,-9.380044292876761e-06,9.612886286351025e-06,600,0.01,0.99
phobia:au12_activation_frequency__mean,0.16779632369221914,0.23668371659759677,300,0.005,0.995
phobia:au12_activation_frequency__std,0.09135387491674381,0.13064307907382505,300,0.005,0.995
phobia:au12_activation_frequency__min,0.0,0.0185934239671497,43,0.005,0.995
phobia:au12_activation_frequency__max,0.39367501663557497,0.538944764539123,150,0.005,0.995
phobia:au12_activation_frequency__range,0.3929126902868181,0.538944764539123,118,0.005,0.995
phobia:au12_activation_frequency__slope,-0.001243733342400219,0.001101497540747723,600,0.01,0.99
phobia:au15_mean_amplitude__mean,0.01223240700731233,0.0133724894056147,298,0.005,0.995
phobia:au15_mean_amplitude__std,0.0015997454625701609,0.002262061898160103,300,0.005,0.995
phobia:au15_mean_amplitude__min,0.0073538698823351,0.0093363861860769,125,0.005,0.995
phobia:au15_mean_amplitude__max,0.0160665146556579,0.0187413079990481,74,0.005,0.995
phobia:au15_mean_amplitude__range,0.007393708960999737,0.011387438116713,150,0.005,0.995
phobia:au15_mean_amplitude__slope,-2.1239838122377575e-05,2.1894772628596126e-05,600,0.01,0.99
phobia:au4_duration_ratio__mean,0.9636477250892481,0.9718569273555477,300,0.005,0.995
phobia:au4_duration_ratio__std,0.012015457450446878,0.017758857474802266,300,0.005,0.995
phobia:au4_duration_ratio__min,0.92307589128841,0.9426171626590756,28,0.005,0.995
phobia:au4_duration_ratio__max,0.9893699888042984,1.0,105,0.005,0.995
phobia:au4_duration_ratio__range,0.0537202832368475,0.0769241087115899,134,0.005,0.995
phobia:au4_duration_ratio__slope,-0.000146145060907958,0.00016685284748153896,600,0.01,0.99
phobia:au1_au2_peak_intensity__mean,0.0319004263467063,0.034039017800095925,300,0.005,0.995
phobia:au1_au2_peak_intensity__std,0.0027000309250049827,0.00408769393078884,300,0.005,0.995
phobia:au1_au2_peak_intensity__min,0.0230135092147482,0.0279628063269633,100,0.005,0.995
phobia:au1_au2_peak_intensity__max,0.0381717837334552,0.0428304339035485,133,0.005,0.995
phobia:au1_au2_peak_intensity__range,0.0126816391625529,0.0198169246888003,144,0.005,0.995
phobia:au1_au2_peak_intensity__slope,-4.546748575236087e-05,4.807913679114513e-05,600,0.01,0.99
phobia:au20_activation_rate__mean,0.000266867283753744,0.0005208839951465415,300,0.005,0.995
phobia:au20_activation_rate__std,0.000432715952084835,0.0007001665206933846,300,0.005,0.995
phobia:au20_activation_rate__max,0.0015309699402398,0.0030896840326857,147,0.005,0.995
phobia:au20_activation_rate__range,0.0015309699402398,0.0030896840326857,147,0.005,0.995
phobia:au20_activation_rate__slope,-5.67076178303122e-06,4.62627371930532e-06,600,0.01,0.99
phobia:lip_compression_frequency__mean,0.07004396233010031,0.09238058813631873,300,0.005,0.995
phobia:lip_compression_frequency__std,0.04005368719943176,0.05981968484607741,300,0.005,0.995
phobia:lip_compression_frequency__min,0.0,0.001195351257001,68,0.005,0.995
phobia:lip_compression_frequency__max,0.1694901038201621,0.2335334928947618,59,0.005,0.995
phobia:lip_compression_frequency__range,0.1694901038201621,0.2335334928947618,67,0.005,0.995
phobia:lip_compression_frequency__slope,-0.00046402496811777697,0.0004914202642685161,600,0.01,0.99
phobia:overall_au_variance__mean,0.18723943130452853,0.2823657180153172,300,0.005,0.995
phobia:overall_au_variance__std,0.2834170801783443,0.3543944007392366,300,0.005,0.995
phobia:overall_au_variance__max,1.0,1.0,42,0.005,0.995
phobia:overall_au_variance__range,1.0,1.0,42,0.005,0.995
phobia:overall_au_variance__slope,-0.0029601809530383043,0.0031500066860332236,600,0.01,0.99
phobia:facial_emotional_range__mean,0.013035752101600843,0.015072050820764026,300,0.005,0.995
phobia:facial_emotional_range__std,0.003266265529094629,0.00426281373274653,300,0.005,0.995
phobia:facial_emotional_range__min,0.0027109911924701,0.0082306132554578,101,0.005,0.995
phobia:facial_emotional_range__max,0.0203454572261584,0.0252947545397953,141,0.005,0.995
phobia:facial_emotional_range__range,0.013831763330808,0.0225837633473252,145,0.005,0.995
phobia:facial_emotional_range__slope,-4.163458939949004e-05,3.2495622263985375e-05,600,0.01,0.99
phobia:facial_transition_frequency__mean,0.3219121491571011,0.39247685319795644,300,0.005,0.995
phobia:facial_transition_frequency__std,0.13683485393189984,0.19278182965558427,300,0.005,0.995
phobia:facial_transition_frequency__min,0.0,0.067878861579481,10,0.005,0.995
phobia:facial_transition_frequency__max,0.6069678030138308,0.7823087794376865,42,0.005,0.995
phobia:facial_transition_frequency__range,0.6069678030138308,0.7823087794376865,121,0.005,0.995
phobia:facial_transition_frequency__slope,-0.001744893339363171,0.0013845246870322386,600,0.01,0.99
phobia:near_zero_au_activation_ratio__mean,0.9572866396075939,0.9684247070820501,300,0.005,0.995
phobia:near_zero_au_activation_ratio__std,0.026909181750964174,0.03385848133236775,300,0.005,0.995
phobia:near_zero_au_activation_ratio__min,0.8600929077951391,0.9096662712334644,35,0.005,0.995
phobia:near_zero_au_activation_ratio__range,0.0903337287665355,0.1399070922048608,35,0.005,0.995
phobia:near_zero_au_activation_ratio__slope,-0.000228274671746923,0.000326660868957828,600,0.01,0.99
phobia:mean_head_velocity__mean,0.1265491654213459,0.1547590643745128,300,0.005,0.995
phobia:mean_head_velocity__std,0.04527962253673988,0.059057757985504805,300,0.005,0.995
phobia:mean_head_velocity__min,0.0,0.05944529402335783,150,0.005,0.995
phobia:mean_head_velocity__max,0.2251800447976389,0.2871904888965955,145,0.005,0.995
phobia:mean_head_velocity__range,0.1997624326041948,0.2871904888965955,125,0.005,0.995
phobia:mean_head_velocity__slope,-0.000644626185109094,0.0005148504905908947,600,0.01,0.99
phobia:head_velocity_peak__mean,3.316207695840093,4.1070781406745995,300,0.005,0.995
phobia:head_velocity_peak__std,1.56790623428693,2.0921661738137662,300,0.005,0.995
phobia:head_velocity_peak__min,0.0,0.7926227251482767,137,0.005,0.995
phobia:head_velocity_peak__max,6.979817762441215,8.938536710324188,150,0.005,0.995
phobia:head_velocity_peak__range,6.59254004395752,8.938536710324188,123,0.005,0.995
phobia:head_velocity_peak__slope,-0.022036002105351365,0.0179207797411914,600,0.01,0.99
phobia:head_motion_energy__mean,4.189910049990497,6.1423057305081965,300,0.005,0.995
phobia:head_motion_energy__std,4.4653663594322275,5.792891406566453,300,0.005,0.995
phobia:head_motion_energy__max,15.654238445938883,22.172207067569968,131,0.005,0.995
phobia:head_motion_energy__range,15.654238445938883,22.172207067569968,131,0.005,0.995
phobia:head_motion_energy__slope,-0.04815573274399502,0.05073433431725243,600,0.01,0.99
phobia:motion_energy_floor_score__mean,0.6324302613767472,0.6830913155217052,300,0.005,0.995
phobia:motion_energy_floor_score__std,0.1319666335817482,0.18352102364613504,300,0.005,0.995
phobia:motion_energy_floor_score__min,0.094765816842812,0.39566659821881983,150,0.005,0.995
phobia:motion_energy_floor_score__max,0.933854700585949,1.0,50,0.005,0.995
phobia:motion_energy_floor_score__range,0.5898678847869757,0.905234183157188,149,0.005,0.995
phobia:motion_energy_floor_score__slope,-0.001343170994107706,0.001332222558224024,600,0.01,0.99
phobia:landmark_displacement_mean__mean,0.005881238492211856,0.009553858408378193,300,0.005,0.995
phobia:landmark_displacement_mean__std,0.0061570054862714685,0.00927657162119549,300,0.005,0.995
phobia:landmark_displacement_mean__max,0.019664614330235,0.0360134182496378,0,0.005,0.995
phobia:landmark_displacement_mean__range,0.019664614330235,0.0360134182496378,0,0.005,0.995
phobia:landmark_displacement_mean__slope,-7.163376534967296e-05,7.79237235067209e-05,600,0.01,0.99
phobia:gesture_frequency__mean,0.46985898340915216,0.4834884090670822,300,0.005,0.995
phobia:gesture_frequency__std,0.02551276981623445,0.03890937720243923,300,0.005,0.995
phobia:gesture_frequency__min,0.3509087023335079,0.4243634369690689,147,0.005,0.995
phobia:gesture_frequency__max,0.5231497444232515,0.5443399268208358,55,0.005,0.995
phobia:gesture_frequency__range,0.10101816139148305,0.1934312244873278,150,0.005,0.995
phobia:gesture_frequency__slope,-0.000257226952473861,0.0003032016898777857,600,0.01,0.99
phobia:posture_rigidity_index__mean,0.916083756942341,0.9354742556146981,300,0.005,0.995
phobia:posture_rigidity_index__std,0.04311885632452639,0.06720143907297577,300,0.005,0.995
phobia:posture_rigidity_index__min,0.7933951566799564,0.8473160816181806,150,0.005,0.995
phobia:posture_rigidity_index__max,1.0003795446952626,1.0973718184423962,104,0.005,0.995
phobia:posture_rigidity_index__range,0.16373425304133127,0.3039766617624397,150,0.005,0.995
phobia:posture_rigidity_index__slope,-0.000482920920876157,0.000522170037440466,600,0.01,0.99
phobia:micro_motion_energy__mean,11.819237623900047,19.861642432942357,300,0.005,0.995
phobia:micro_motion_energy__std,15.48051495496098,25.360593447015695,300,0.005,0.995
phobia:micro_motion_energy__max,52.38119940397032,97.088228340619,117,0.005,0.995
phobia:micro_motion_energy__range,52.38119940397032,97.088228340619,117,0.005,0.995
phobia:micro_motion_energy__slope,-0.1935893285476316,0.2269869502671547,600,0.01,0.99
phobia:blink_rate__mean,0.9641666746088947,1.0,150,0.005,0.995
phobia:blink_rate__std,0.0,0.1839516465414184,150,0.005,0.995
phobia:blink_rate__min,0.0,1.0,0,0.005,0.995
phobia:blink_rate__range,0.0,1.0,0,0.005,0.995
phobia:blink_rate__slope,-0.00106000974118,0.0009320405905886492,600,0.01,0.99
phobia:blink_duration__mean,0.2945794838801792,0.3122217325884723,300,0.005,0.995
phobia:blink_duration__std,0.0370111362792292,0.04816066559019487,300,0.005,0.995
phobia:blink_duration__min,0.1689638982210674,0.2321931985780133,127,0.005,0.995
phobia:blink_duration__max,0.3709439131614259,0.4081961371463187,83,0.005,0.995
phobia:blink_duration__range,0.1543154856162469,0.2392322389252513,150,0.005,0.995
phobia:blink_duration__slope,-0.000424040643803488,0.00031225163739208767,600,0.01,0.99
phobia:blink_cluster_density__mean,0.10525472742047848,0.13031781775960521,300,0.005,0.995
phobia:blink_cluster_density__std,0.05459120484726433,0.07010656502877079,300,0.005,0.995
phobia:blink_cluster_density__min,0.0,0.0101839387418167,0,0.005,0.995
phobia:blink_cluster_density__max,0.2242292092022086,0.3026384764186473,59,0.005,0.995
phobia:blink_cluster_density__range,0.22422871491205143,0.3026384764186473,150,0.005,0.995
phobia:blink_cluster_density__slope,-0.000986965680626991,0.0008013583495374478,600,0.01,0.99
phobia:eye_contact_ratio__mean,0.2342221616867119,0.25870496366318513,300,0.005,0.995
phobia:eye_contact_ratio__std,0.041562219034739285,0.060682988379168565,300,0.005,0.995
phobia:eye_contact_ratio__min,0.0980190566444421,0.17442725650698723,150,0.005,0.995
phobia:eye_contact_ratio__max,0.3277312872215293,0.411418494852134,92,0.005,0.995
phobia:eye_contact_ratio__range,0.1676006903988632,0.3133994382076919,148,0.005,0.995
phobia:eye_contact_ratio__slope,-0.0005364407388821171,0.0004981195089127619,600,0.01,0.99
phobia:downward_gaze_frequency__mean,0.9339449484828328,0.9771157337532326,300,0.005,0.995
phobia:downward_gaze_frequency__std,0.040749650677198386,0.1836305911879972,300,0.005,0.995
phobia:downward_gaze_frequency__min,0.0,0.8529453574852217,60,0.005,0.995
phobia:downward_gaze_frequency__range,0.1470546425147783,1.0,60,0.005,0.995
phobia:downward_gaze_frequency__slope,-0.000925188548282294,0.0008628877036084819,600,0.01,0.99
phobia:baseline_eye_openness__mean,0.2548465487689078,0.2814067851732583,300,0.005,0.995
phobia:baseline_eye_openness__std,0.055871347126283936,0.08074543214966688,300,0.005,0.995
phobia:baseline_eye_openness__min,0.0322980903282706,0.1630514264143677,101,0.005,0.995
phobia:baseline_eye_openness__max,0.3815802772749395,0.4850880527194784,119,0.005,0.995
phobia:baseline_eye_openness__range,0.2357867328679675,0.4527899623912078,127,0.005,0.995
phobia:baseline_eye_openness__slope,-0.000641839048201433,0.00050511422461064,600,0.01,0.99
phobia:response_latency_mean__mean,13.62572616985704,19.719850006030246,300,0.005,0.995
phobia:response_latency_mean__std,10.607552724843337,13.81839169500775,300,0.005,0.995
phobia:response_latency_mean__min,0.0,0.0,10,0.005,0.995
phobia:response_latency_mean__max,37.47240036426913,55.68494506689723,99,0.005,0.995
phobia:response_latency_mean__range,37.47240036426913,55.68494506689723,101,0.005,0.995
phobia:response_latency_mean__slope,-0.11424688683346804,0.14655868550597542,600,0.01,0.99
phobia:speech_onset_delay__mean,39.42516644839209,74.21129476726487,300,0.005,0.995
phobia:speech_onset_delay__std,42.22456488683496,63.427711671067115,300,0.005,0.995
phobia:speech_onset_delay__max,156.03895330188658,253.2991885451593,86,0.005,0.995
phobia:speech_onset_delay__range,156.03895330188658,253.2991885451593,86,0.005,0.995
phobia:speech_onset_delay__slope,-0.6559486390983847,0.6858180645166104,600,0.01,0.99
phobia:nod_onset_latency__mean,1.847548732404666,2.4708872095656793,300,0.005,0.995
phobia:nod_onset_latency__std,0.8888773258775504,1.2851327690429695,300,0.005,0.995
phobia:nod_onset_latency__min,0.0,0.26725696098404,26,0.005,0.995
phobia:nod_onset_latency__max,3.7911365582182217,5.277467326341983,124,0.005,0.995
phobia:nod_onset_latency__range,3.7911365582182217,5.277467326341983,149,0.005,0.995
phobia:nod_onset_latency__slope,-0.011042397683121655,0.011000013742370715,600,0.01,0.99
phobia:pause_duration_mean__mean,0.8067025512188258,0.951219512195122,294,0.005,0.995
phobia:pause_duration_mean__std,0.2180847899550908,0.3969137925647501,296,0.005,0.995
phobia:pause_duration_mean__slope,-0.0029349907749925378,0.0033679476132689903,600,0.01,0.99
phobia:extended_silence_ratio__mean,0.5019707573659765,0.6248772626804827,300,0.005,0.995
phobia:extended_silence_ratio__std,0.30746800455677176,0.38386819093856855,300,0.005,0.995
phobia:extended_silence_ratio__slope,-0.003783606764115285,0.003259640735070135,600,0.01,0.99
phobia:reaction_time_instability_index__mean,0.7042280702211136,0.8764137770463047,293,0.005,0.995
phobia:reaction_time_instability_index__std,0.3312826589787914,0.45847938813020667,300,0.005,0.995
phobia:reaction_time_instability_index__slope,-0.004080564881367208,0.0045619007606786,598,0.01,0.99
stress:au12_mean_amplitude__mean,0.048612140641565146,0.050289822437747315,300,0.005,0.995
stress:au12_mean_amplitude__std,0.004624086945953854,0.006301015847859205,300,0.005,0.995
stress:au12_mean_amplitude__min,0.0299735801125877,0.0404399309184383,112,0.005,0.995
stress:au12_mean_amplitude__max,0.0581711006794125,0.0654162017374599,86,0.005,0.995
stress:au12_mean_amplitude__range,0.0186960792370364,0.0354426216248722,133,0.005,0.995
stress:au12_mean_amplitude__slope,-4.616320972278705e-05,3.8667248851459304e-05,600,0.01,0.99
stress:au12_variance__mean,0.008895807049233387,0.01464615829350989,300,0.005,0.995
stress:au12_variance__std,0.013274243438838547,0.019557285710409548,300,0.005,0.995
stress:au12_variance__max,0.0481970818228611,0.0718380809770935,82,0.005,0.995
stress:au12_variance__range,0.0481970818228611,0.0718380809770935,82,0.005,0.995
stress:au12_variance__slope,-0.000179082995612068,0.000173464539929641,600,0.01,0.99
stress:au12_activation_frequency__mean,0.17746965158017586,0.24923650809930423,300,0.005,0.995
stress:au12_activation_frequency__std,0.09709461663521739,0.13113552034505013,300,0.005,0.995
stress:au12_activation_frequency__min,0.0,0.0137057139399974,116,0.005,0.995
stress:au12_activation_frequency__max,0.3796853974839682,0.5312210240174093,129,0.005,0.995
stress:au12_activation_frequency__range,0.3796853974839682,0.5312210240174093,149,0.005,0.995
stress:au12_activation_frequency__slope,-0.0011327907922151742,0.0012508198785631337,600,0.01,0.99
stress:au15_mean_amplitude__mean,0.012351596893602355,0.01319755202811955,300,0.005,0.995
stress:au15_mean_amplitude__std,0.001790308513883173,0.0025335047751995276,300,0.005,0.995
stress:au15_mean_amplitude__min,0.0056838344593098,0.0092541135429758,133,0.005,0.995
stress:au15_mean_amplitude__max,0.0163522449609681,0.0194656757775197,74,0.005,0.995
stress:au15_mean_amplitude__range,0.0079390299237142,0.0137818413182098,133,0.005,0.995
stress:au15_mean_amplitude__slope,-2.3737496042665036e-05,2.0006675284593734e-05,600,0.01,0.99
stress:au4_mean_activation__mean,0.934599644888277,0.9668404574990548,300,0.005,0.995
stress:au4_mean_activation__std,0.041513048923166825,0.056360488517514004,300,0.005,0.995
stress:au4_mean_activation__min,0.7813048028510344,0.8596770881290389,66,0.005,0.995
stress:au4_mean_activation__range,0.1403229118709611,0.2186951971489655,66,0.005,0.995
stress:au4_mean_activation__slope,-0.0005036707103615479,0.0006101435153883397,600,0.01,0.99
stress:au4_duration_ratio__mean,0.9640357553164284,0.9739467928382339,300,0.005,0.995
stress:au4_duration_ratio__std,0.012594334990446411,0.01672840313423156,300,0.005,0.995
stress:au4_duration_ratio__min,0.9216345261216222,0.9453210249904541,150,0.005,0.995
stress:au4_duration_ratio__max,0.9898538433500822,1.0,0,0.005,0.995
stress:au4_duration_ratio__range,0.05193628698282117,0.0783654738783777,150,0.005,0.995
stress:au4_duration_ratio__slope,-0.000198940936574332,0.00014197154510836794,600,0.01,0.99
stress:au1_au2_peak_intensity__mean,0.0360132343237245,0.042141725916667955,300,0.005,0.995
stress:au1_au2_peak_intensity__std,0.016829750304167956,0.02273420688242409,300,0.005,0.995
stress:au1_au2_peak_intensity__min,0.0,0.0009027652285559815,150,0.005,0.995
stress:au1_au2_peak_intensity__max,0.0676805612994705,0.1105778770342943,82,0.005,0.995
stress:au1_au2_peak_intensity__range,0.0676805612994705,0.1105778770342943,96,0.005,0.995
stress:au1_au2_peak_intensity__slope,-0.00016146437661712198,0.0001792639539024599,600,0.01,0.99
stress:au20_activation_rate__mean,0.00023946568598830401,0.0005558896938125641,300,0.005,0.995
stress:au20_activation_rate__std,0.00039013204408938954,0.0007596810862738885,300,0.005,0.995
stress:au20_activation_rate__max,0.001398836798288,0.0031413173826108,0,0.005,0.995
stress:au20_activation_rate__range,0.001398836798288,0.0031413173826108,0,0.005,0.995
stress:au20_activation_rate__slope,-6.891612310655468e-06,6.402896459075672e-06,600,0.01,0.99
stress:lip_compression_frequency__mean,0.06265321512276124,0.08776070389317463,300,0.005,0.995
stress:lip_compression_frequency__std,0.04085204664200724,0.05882999463431283,300,0.005,0.995
stress:lip_compression_frequency__min,0.0,0.0,50,0.005,0.995
stress:lip_compression_frequency__max,0.1564231562427506,0.2246701261087206,78,0.005,0.995
stress:lip_compression_frequency__range,0.1564231562427506,0.2246701261087206,78,0.005,0.995
stress:lip_compression_frequency__slope,-0.000524923761651638,0.0006391237417786992,600,0.01,0.99
stress:overall_au_variance__mean,0.22997214370246538,0.38577309972455015,300,0.005,0.995
stress:overall_au_variance__std,0.3231427305672084,0.41789169084507627,300,0.005,0.995
stress:overall_au_variance__slope,-0.004704312479187651,0.004731001556716958,600,0.01,0.99
stress:facial_emotional_range__mean,0.01264041817576341,0.014824583810363305,300,0.005,0.995
stress:facial_emotional_range__std,0.0033259607270486615,0.004390126953219843,300,0.005,0.995
stress:facial_emotional_range__min,0.0020647462094925,0.0073518988029212,75,0.005,0.995
stress:facial_emotional_range__max,0.0208400568665321,0.0253418768159631,135,0.005,0.995
stress:facial_emotional_range__range,0.0148621118787779,0.0222998404284618,151,0.005,0.995
stress:facial_emotional_range__slope,-5.190648387238339e-05,4.2447552614301685e-05,600,0.01,0.99
stress:facial_transition_frequency__mean,0.30851473635148563,0.3848980863517479,300,0.005,0.995
stress:facial_transition_frequency__std,0.1201743668588598,0.1850432351200275,300,0.005,0.995
stress:facial_transition_frequency__min,0.0,0.0929567505402993,45,0.005,0.995
stress:facial_transition_frequency__max,0.6098109552806634,0.8289767774054502,80,0.005,0.995
stress:facial_transition_frequency__range,0.5500747094987564,0.8289767774054502,148,0.005,0.995
stress:facial_transition_frequency__slope,-0.001443201952633923,0.0013891739866773016,600,0.01,0.99
stress:near_zero_au_activation_ratio__mean,0.9556420436748714,0.9694897232025265,300,0.005,0.995
stress:near_zero_au_activation_ratio__std,0.025128267306147117,0.032533397352036614,300,0.005,0.995
stress:near_zero_au_activation_ratio__min,0.8459150234766383,0.91606179694086,66,0.005,0.995
stress:near_zero_au_activation_ratio__range,0.08393820305914,0.1540849765233617,66,0.005,0.995
stress:near_zero_au_activation_ratio__slope,-0.000311790173387898,0.0002927265008316017,600,0.01,0.99
stress:mean_head_velocity__mean,0.23056988786861557,0.2857279285206196,300,0.005,0.995
stress:mean_head_velocity__std,0.08776378399473977,0.12330472055910953,300,0.005,0.995
stress:mean_head_velocity__min,0.0,0.094921139743886,24,0.005,0.995
stress:mean_head_velocity__max,0.4259997718552322,0.557107282533857,147,0.005,0.995
stress:mean_head_velocity__range,0.3788111878425708,0.557107282533857,115,0.005,0.995
stress:mean_head_velocity__slope,-0.001101044211123144,0.0009759381913648245,600,0.01,0.99
stress:head_velocity_peak__mean,2.921870147253529,3.938163591330767,300,0.005,0.995
stress:head_velocity_peak__std,1.5278569522415015,2.0385203121545237,300,0.005,0.995
stress:head_velocity_peak__min,0.0,0.5421554663636192,150,0.005,0.995
stress:head_velocity_peak__max,6.421696061875306,8.609477627415249,0,0.005,0.995
stress:head_velocity_peak__range,6.421696061875306,8.609477627415249,16,0.005,0.995
stress:head_velocity_peak__slope,-0.0181345289404789,0.018098411341614086,600,0.01,0.99
stress:head_motion_energy__mean,13.363784727413629,19.441016183840446,300,0.005,0.995
stress:head_motion_energy__std,13.303326878957016,17.723905638390022,300,0.005,0.995
stress:head_motion_energy__max,42.4339186492933,69.46142745443254,79,0.005,0.995
stress:head_motion_energy__range,42.4339186492933,69.46142745443254,79,0.005,0.995
stress:head_motion_energy__slope,-0.1582647763272205,0.16017694771487412,600,0.01,0.99
stress:motion_energy_floor_score__mean,0.5919018579619958,0.6887204489955348,300,0.005,0.995
stress:motion_energy_floor_score__std,0.13701604961615432,0.18763181191515088,300,0.005,0.995
stress:motion_energy_floor_score__min,0.1425683507473354,0.383075899420886,125,0.005,0.995
stress:motion_energy_floor_score__max,0.9315089890529524,1.0,150,0.005,0.995
stress:motion_energy_floor_score__range,0.602436886261127,0.8574316492526646,145,0.005,0.995
stress:motion_energy_floor_score__slope,-0.001936101131321945,0.0022838332296411827,600,0.01,0.99
stress:landmark_displacement_mean__mean,0.006074343484194294,0.00937788419974829,300,0.005,0.995
stress:landmark_displacement_mean__std,0.007036699278435308,0.009095515137337636,300,0.005,0.995
stress:landmark_displacement_mean__max,0.0233477965628509,0.034858995332441,69,0.005,0.995
stress:landmark_displacement_mean__range,0.0233477965628509,0.034858995332441,69,0.005,0.995
stress:landmark_displacement_mean__slope,-7.171657904975234e-05,6.388744443958783e-05,600,0.01,0.99
stress:gesture_frequency__mean,1.507048911587756,1.554707422435573,298,0.005,0.995
stress:gesture_frequency__std,0.07765006210065464,0.1075035496888558,300,0.005,0.995
stress:gesture_frequency__min,1.1351102667945148,1.3448304886379605,120,0.005,0.995
stress:gesture_frequency__max,1.632676851491903,1.6951738617542504,38,0.005,0.995
stress:gesture_frequency__range,0.3223395034977671,0.5600635949597357,150,0.005,0.995
stress:gesture_frequency__slope,-0.000883009276907862,0.0009053934594246282,600,0.01,0.99
stress:posture_rigidity_index__mean,1.373711682005254,1.4001476281969438,300,0.005,0.995
stress:posture_rigidity_index__std,0.0677728991132047,0.09653234560141173,300,0.005,0.995
stress:posture_rigidity_index__min,1.1234070720923428,1.253819243198785,103,0.005,0.995
stress:posture_rigidity_index__max,1.5154743441328615,1.6558551602637577,85,0.005,0.995
stress:posture_rigidity_index__range,0.2854058008134683,0.5324480881714149,146,0.005,0.995
stress:posture_rigidity_index__slope,-0.0008376639513971011,0.0005797845505848534,600,0.01,0.99
stress:micro_motion_energy__mean,10.808413374253867,18.740307191220094,300,0.005,0.995
stress:micro_motion_energy__std,15.365614659942356,25.53471308588177,300,0.005,0.995
stress:micro_motion_energy__max,54.02057104612064,105.1503890806528,150,0.005,0.995
stress:micro_motion_energy__range,54.02057104612064,105.1503890806528,150,0.005,0.995
stress:micro_motion_energy__slope,-0.18266350307259757,0.16867768885318804,600,0.01,0.99
stress:blink_rate__mean,0.9775620143381418,1.0,150,0.005,0.995
stress:blink_rate__std,0.0,0.1493771676837119,150,0.005,0.995
stress:blink_rate__min,0.0088818051159579,1.0,0,0.005,0.995
stress:blink_rate__range,0.0,0.991118194884042,0,0.005,0.995
stress:blink_rate__slope,-0.000864384496029575,0.0006961300642602197,600,0.01,0.99
stress:blink_duration__mean,0.2914830812182282,0.3162777771818102,300,0.005,0.995
stress:blink_duration__std,0.03358028541885699,0.05129697738883699,300,0.005,0.995
stress:blink_duration__min,0.1789174901016036,0.24130532495101353,150,0.005,0.995
stress:blink_duration__max,0.369802538174683,0.4275882788454269,6,0.005,0.995
stress:blink_duration__range,0.143757194101839,0.2486707887438232,149,0.005,0.995
stress:blink_duration__slope,-0.000454908219098164,0.00044343001407498405,600,0.01,0.99
stress:blink_cluster_density__mean,0.1021504842314681,0.12687704630217223,300,0.005,0.995
stress:blink_cluster_density__std,0.052387983331957384,0.06892465044133647,300,0.005,0.995
stress:blink_cluster_density__min,0.0,0.0272690340871705,125,0.005,0.995
stress:blink_cluster_density__max,0.2121580759952157,0.2959409660607569,0,0.005,0.995
stress:blink_cluster_density__range,0.2121580759952157,0.2959409660607569,24,0.005,0.995
stress:blink_cluster_density__slope,-0.000553626337229074,0.000548031996021796,600,0.01,0.99
stress:eye_contact_ratio__mean,0.8071224255133992,0.8378015905468558,300,0.005,0.995
stress:eye_contact_ratio__std,0.038080184911681435,0.05447441163188455,300,0.005,0.995
stress:eye_contact_ratio__min,0.67097130680897,0.756883387875069,99,0.005,0.995
stress:eye_contact_ratio__max,0.8978455225529103,0.9597473346712392,59,0.005,0.995
stress:eye_contact_ratio__range,0.1676714582608481,0.2887760278622692,104,0.005,0.995
stress:eye_contact_ratio__slope,-0.000593960084226946,0.0005583414167473653,600,0.01,0.99
stress:downward_gaze_frequency__mean,0.8680342116476533,0.9617303989811589,300,0.005,0.995
stress:downward_gaze_frequency__std,0.10798359804796973,0.25828207582183,300,0.005,0.995
stress:downward_gaze_frequency__min,0.0,0.4078337225164223,121,0.005,0.995
stress:downward_gaze_frequency__range,0.5921662774835776,1.0,121,0.005,0.995
stress:downward_gaze_frequency__slope,-0.001769219492808704,0.0016636059878830452,600,0.01,0.99
stress:baseline_eye_openness__mean,0.3710561545731836,0.39602309527219787,300,0.005,0.995
stress:baseline_eye_openness__std,0.06399310098275413,0.08673801512203033,300,0.005,0.995
stress:baseline_eye_openness__min,0.2039990558151673,0.2476828220123627,118,0.005,0.995
stress:baseline_eye_openness__max,0.4963822351604569,0.5942294082938517,0,0.005,0.995
stress:baseline_eye_openness__range,0.2738426258933005,0.3902303524786844,145,0.005,0.995
stress:baseline_eye_openness__slope,-0.0008027962805961389,0.000903544790239836,600,0.01,0.99
stress:response_latency_mean__mean,28.46048078950528,38.97360540662176,296,0.005,0.995
stress:response_latency_mean__std,20.108844530327797,27.909207815495165,300,0.005,0.995
stress:response_latency_mean__max,81.92317575615924,103.81920772172988,150,0.005,0.995
stress:response_latency_mean__range,81.92317575615924,103.81920772172988,150,0.005,0.995
stress:response_latency_mean__slope,-0.20302371667532398,0.17777440356085608,600,0.01,0.99
stress:speech_onset_delay__mean,45.769862250316045,76.63131347144518,300,0.005,0.995
stress:speech_onset_delay__std,46.13914143671204,61.32601713777711,300,0.005,0.995
stress:speech_onset_delay__max,159.5568137882677,283.16561130008046,99,0.005,0.995
stress:speech_onset_delay__range,159.5568137882677,283.16561130008046,99,0.005,0.995
stress:speech_onset_delay__slope,-0.6051861381351907,0.5817513764905026,600,0.01,0.99
stress:nod_onset_latency__mean,1.8247899547998325,2.274295831338614,300,0.005,0.995
stress:nod_onset_latency__std,0.7970883905394159,1.165158210968039,300,0.005,0.995
stress:nod_onset_latency__min,0.0,0.2435717763210174,108,0.005,0.995
stress:nod_onset_latency__max,3.5711499247131693,4.82667583509839,38,0.005,0.995
stress:nod_onset_latency__range,3.5711499247131693,4.82667583509839,143,0.005,0.995
stress:nod_onset_latency__slope,-0.00890897489577716,0.010622830214755522,600,0.01,0.99
stress:pause_duration_mean__mean,0.7755088278286854,0.9615384615384616,292,0.005,0.995
stress:pause_duration_mean__std,0.1941839093451543,0.4223056159762339,297,0.005,0.995
stress:pause_duration_mean__min,0.0,0.0,6,0.005,0.995
stress:pause_duration_mean__range,1.0,1.0,6,0.005,0.995
stress:pause_duration_mean__slope,-0.003189710351817646,0.003771215752748966,600,0.01,0.99
stress:extended_silence_ratio__mean,0.42335133760796145,0.6275644863420937,300,0.005,0.995
stress:extended_silence_ratio__std,0.322054005587736,0.37893043517764835,300,0.005,0.995
stress:extended_silence_ratio__slope,-0.00496006459420388,0.004533375746476894,600,0.01,0.99
stress:reaction_time_instability_index__mean,0.6830785279840447,0.835773554138437,300,0.005,0.995
stress:reaction_time_instability_index__std,0.37340018298329475,0.4658682435630981,300,0.005,0.995
stress:reaction_time_instability_index__slope,-0.0036481613090295177,0.0042799675210538285,600,0.01,0.99
suicidal_tendency:au12_mean_amplitude__mean,0.007666705508305198,0.01001396722390747,300,0.005,0.995
suicidal_tendency:au12_mean_amplitude__std,0.0045701893318004505,0.0062788882585699795,300,0.005,0.995
suicidal_tendency:au12_mean_amplitude__min,0.0,0.0006029531884683,62,0.005,0.995
suicidal_tendency:au12_mean_amplitude__max,0.0156613343406876,0.0246959942265555,6,0.005,0.995
suicidal_tendency:au12_mean_amplitude__range,0.0156613343406876,0.0246959942265555,9,0.005,0.995
suicidal_tendency:au12_mean_amplitude__slope,-5.405559590333387e-05,4.872300443563026e-05,600,0.01,0.99
suicidal_tendency:au12_variance__mean,0.00058361167633234,0.0012009574778532874,300,0.005,0.995
suicidal_tendency:au12_variance__std,0.000834962801256397,0.001279557681430574,300,0.005,0.995
suicidal_tendency:au12_variance__max,0.002902619074978,0.0050022311945609,9,0.005,0.995
suicidal_tendency:au12_variance__range,0.002902619074978,0.0050022311945609,9,0.005,0.995
suicidal_tendency:au12_variance__slope,-1.062168271352688e-05,1.1902346864094407e-05,600,0.01,0.99
suicidal_tendency:au12_activation_frequency__mean,0.1593313672315217,0.22454731721567814,300,0.005,0.995
suicidal_tendency:au12_activation_frequency__std,0.1647914582170668,0.21960243455800374,300,0.005,0.995
suicidal_tendency:au12_activation_frequency__max,0.5680077207243458,0.8922802439200133,150,0.005,0.995
suicidal_tendency:au12_activation_frequency__range,0.5680077207243458,0.8922802439200133,150,0.005,0.995
suicidal_tendency:au12_activation_frequency__slope,-0.0017942757377631,0.001632930671001697,591,0.01,0.99
suicidal_tendency:au15_mean_amplitude__mean,0.01371586521234803,0.023754198092827448,300,0.005,0.995
suicidal_tendency:au15_mean_amplitude__std,0.014321511675784597,0.02182330797508183,300,0.005,0.995
suicidal_tendency:au15_mean_amplitude__max,0.0498933778454825,0.0780777899865751,86,0.005,0.995
suicidal_tendency:au15_mean_amplitude__range,0.0498933778454825,0.0780777899865751,86,0.005,0.995
suicidal_tendency:au15_mean_amplitude__slope,-0.000170049368162031,0.00017581052774723078,600,0.01,0.99
suicidal_tendency:au4_mean_activation__mean,0.9039574452958297,0.9468269113003782,300,0.005,0.995
suicidal_tendency:au4_mean_activation__std,0.05858910179808087,0.08113894387645232,300,0.005,0.995
suicidal_tendency:au4_mean_activation__min,0.6670140295790702,0.7895362341571234,147,0.005,0.995
suicidal_tendency:au4_mean_activation__range,0.2104637658428766,0.3329859704209298,147,0.005,0.995
suicidal_tendency:au4_mean_activation__slope,-0.0006951923881303209,0.0006783082319111208,600,0.01,0.99
suicidal_tendency:au4_duration_ratio__mean,0.9528926778541289,0.9621216819820932,300,0.005,0.995
suicidal_tendency:au4_duration_ratio__std,0.012374497808587492,0.017377394011798292,300,0.005,0.995
suicidal_tendency:au4_duration_ratio__min,0.911599475503625,0.9408132889607804,120,0.005,0.995
suicidal_tendency:au4_duration_ratio__max,0.9809235912551,1.0,31,0.005,0.995
suicidal_tendency:au4_duration_ratio__range,0.049750730488467,0.088400524496375,149,0.005,0.995
suicidal_tendency:au4_duration_ratio__slope,-0.00018663870309191402,0.00012871585661637585,600,0.01,0.99
suicidal_tendency:au1_au2_peak_intensity__mean,0.025884621365384667,0.029612212882675508,300,0.005,0.995
suicidal_tendency:au1_au2_peak_intensity__std,0.0065892588145275545,0.00958106443128422,300,0.005,0.995
suicidal_tendency:au1_au2_peak_intensity__min,0.0,0.0134226122724027,136,0.005,0.995
suicidal_tendency:au1_au2_peak_intensity__max,0.0402193383775902,0.0553503528522713,50,0.005,0.995
suicidal_tendency:au1_au2_peak_intensity__range,0.0279941358927383,0.0553503528522713,147,0.005,0.995
suicidal_tendency:au1_au2_peak_intensity__slope,-6.535291791275181e-05,8.889543082728678e-05,600,0.01,0.99
suicidal_tendency:au20_activation_rate__mean,0.000266377020792026,0.0005534592417784165,300,0.005,0.995
suicidal_tendency:au20_activation_rate__std,0.00040400075562986354,0.0007762890433416492,300,0.005,0.995
suicidal_tendency:au20_activation_rate__max,0.0013194430149824,0.0039488504055126,14,0.005,0.995
suicidal_tendency:au20_activation_rate__range,0.0013194430149824,0.0039488504055126,14,0.005,0.995
suicidal_tendency:au20_activation_rate__slope,-5.236701719468726e-06,6.602908368356685e-06,600,0.01,0.99
suicidal_tendency:lip_compression_frequency__mean,0.47119061348694674,0.6288739943761275,300,0.005,0.995
suicidal_tendency:lip_compression_frequency__std,0.2638119544136102,0.3227846992211972,296,0.005,0.995
suicidal_tendency:lip_compression_frequency__min,0.0,0.0640288792793666,52,0.005,0.995
suicidal_tendency:lip_compression_frequency__range,0.9359711207206334,1.0,52,0.005,0.995
suicidal_tendency:lip_compression_frequency__slope,-0.003424207981161682,0.0036099986165571414,600,0.01,0.99
suicidal_tendency:overall_au_variance__mean,0.03976393721881977,0.07382896867836208,300,0.005,0.995
suicidal_tendency:overall_au_variance__std,0.05438588678624126,0.10029876893084132,300,0.005,0.995
suicidal_tendency:overall_au_variance__max,0.19366111320554336,0.4524901762139377,150,0.005,0.995
suicidal_tendency:overall_au_variance__range,0.19366111320554336,0.4524901762139377,150,0.005,0.995
suicidal_tendency:overall_au_variance__slope,-0.000693625132344466,0.000731315139082752,600,0.01,0.99
suicidal_tendency:facial_emotional_range__mean,0.0009541632659021,0.0013340385191706746,291,0.005,0.995
suicidal_tendency:facial_emotional_range__std,0.0007930839821127405,0.0010675290994876868,300,0.005,0.995
suicidal_tendency:facial_emotional_range__max,0.0028432104995158,0.0042334287241776,114,0.005,0.995
suicidal_tendency:facial_emotional_range__range,0.0028432104995158,0.0042334287241776,114,0.005,0.995
suicidal_tendency:facial_emotional_range__slope,-9.288943131547896e-06,8.319690537744052e-06,600,0.01,0.99
suicidal_tendency:facial_transition_frequency__mean,0.12677034550651836,0.17504924356358165,300,0.005,0.995
suicidal_tendency:facial_transition_frequency__std,0.08670300530506382,0.13302284302871475,300,0.005,0.995
suicidal_tendency:facial_transition_frequency__max,0.3011554583549017,0.50366798275935,0,0.005,0.995
suicidal_tendency:facial_transition_frequency__range,0.3011554583549017,0.50366798275935,0,0.005,0.995
suicidal_tendency:facial_transition_frequency__slope,-0.000948818947079608,0.0010440903721843269,600,0.01,0.99
suicidal_tendency:near_zero_au_activation_ratio__mean,0.9807583113641299,0.9877781307434838,294,0.005,0.995
suicidal_tendency:near_zero_au_activation_ratio__std,0.013588522437839663,0.017668197505217725,300,0.005,0.995
suicidal_tendency:near_zero_au_activation_ratio__min,0.9343773591239456,0.952565269047026,143,0.005,0.995
suicidal_tendency:near_zero_au_activation_ratio__range,0.047434730952974,0.0656226408760544,143,0.005,0.995
suicidal_tendency:near_zero_au_activation_ratio__slope,-0.000160371329225088,0.00013700816130408298,600,0.01,0.99
suicidal_tendency:mean_head_velocity__mean,0.016494858526037035,0.023873991295581123,300,0.005,0.995
suicidal_tendency:mean_head_velocity__std,0.013676262047323052,0.021759600618312384,300,0.005,0.995
suicidal_tendency:mean_head_velocity__max,0.0491098121790337,0.0955785830214108,136,0.005,0.995
suicidal_tendency:mean_head_velocity__range,0.0491098121790337,0.0955785830214108,136,0.005,0.995
suicidal_tendency:mean_head_velocity__slope,-0.000168414131966927,0.0001646760333532347,600,0.01,0.99
suicidal_tendency:head_velocity_peak__mean,2.8767049033919956,4.005418637095343,300,0.005,0.995
suicidal_tendency:head_velocity_peak__std,2.126232254788345,3.227129505059524,300,0.005,0.995
suicidal_tendency:head_velocity_peak__min,0.0,0.0,31,0.005,0.995
suicidal_tendency:head_velocity_peak__max,8.361939269679286,14.115072298326378,33,0.005,0.995
suicidal_tendency:head_velocity_peak__range,8.361939269679286,14.115072298326378,34,0.005,0.995
suicidal_tendency:head_velocity_peak__slope,-0.02392055745132224,0.024734219667110337,600,0.01,0.99
suicidal_tendency:head_motion_energy__mean,0.7197864210046881,1.1102332450620576,300,0.005,0.995
suicidal_tendency:head_motion_energy__std,0.60762746174122,0.7965424920999535,300,0.005,0.995
suicidal_tendency:head_motion_energy__max,2.2072710653435434,2.8086672503933614,72,0.005,0.995
suicidal_tendency:head_motion_energy__range,2.2072710653435434,2.8086672503933614,72,0.005,0.995
suicidal_tendency:head_motion_energy__slope,-0.0071513090684086665,0.005627262080919938,600,0.01,0.99
suicidal_tendency:motion_energy_floor_score__mean,0.9294862948023093,0.9517404233179086,300,0.005,0.995
suicidal_tendency:motion_energy_floor_score__std,0.045542277511927916,0.06063928112112641,300,0.005,0.995
suicidal_tendency:motion_energy_floor_score__min,0.7451271718763317,0.8374947665574712,139,0.005,0.995
suicidal_tendency:motion_energy_floor_score__range,0.1625052334425287,0.2548728281236683,139,0.005,0.995
suicidal_tendency:motion_energy_floor_score__slope,-0.000611141770111222,0.0005907722215970715,600,0.01,0.99
suicidal_tendency:landmark_displacement_mean__mean,0.002762899235525597,0.006213329020908841,300,0.005,0.995
suicidal_tendency:landmark_displacement_mean__std,0.003628559152688297,0.007180342242005102,300,0.005,0.995
suicidal_tendency:landmark_displacement_mean__max,0.0131396515897537,0.03067623980077,130,0.005,0.995
suicidal_tendency:landmark_displacement_mean__range,0.0131396515897537,0.03067623980077,130,0.005,0.995
suicidal_tendency:landmark_displacement_mean__slope,-5.8650900961432e-05,6.16728459844414e-05,600,0.01,0.99
suicidal_tendency:gesture_frequency__mean,0.14154315650066132,0.14762981633725564,300,0.005,0.995
suicidal_tendency:gesture_frequency__std,0.010628949446596972,0.01461225291731489,300,0.005,0.995
suicidal_tendency:gesture_frequency__min,0.0976541095861904,0.12462461152347899,150,0.005,0.995
suicidal_tendency:gesture_frequency__max,0.1653596238503626,0.1787137366810503,69,0.005,0.995
suicidal_tendency:gesture_frequency__range,0.0477213372884499,0.0810596270948599,130,0.005,0.995
suicidal_tendency:gesture_frequency__slope,-0.00011793535635912701,0.00010679045484690131,600,0.01,0.99
suicidal_tendency:posture_rigidity_index__mean,1.3580451755814955,1.4247323308949345,300,0.005,0.995
suicidal_tendency:posture_rigidity_index__std,0.10315893910062064,0.14005564665303416,300,0.005,0.995
suicidal_tendency:posture_rigidity_index__min,1.0531359552449044,1.187009304150379,100,0.005,0.995
suicidal_tendency:posture_rigidity_index__max,1.6055509219459083,1.7829259051179909,70,0.005,0.995
suicidal_tendency:posture_rigidity_index__range,0.4737645867953814,0.7297899498730864,150,0.005,0.995
suicidal_tendency:posture_rigidity_index__slope,-0.001131814015539275,0.0012604286773064948,600,0.01,0.99
suicidal_tendency:micro_motion_energy__mean,14.114844933264608,22.123576913002722,300,0.005,0.995
suicidal_tendency:micro_motion_energy__std,21.010432707841705,28.98110234255294,300,0.005,0.995
suicidal_tendency:micro_motion_energy__max,71.3892837338602,109.79358884535556,149,0.005,0.995
suicidal_tendency:micro_motion_energy__range,71.3892837338602,109.79358884535556,149,0.005,0.995
suicidal_tendency:micro_motion_energy__slope,-0.18718936826628582,0.17624793652317738,600,0.01,0.99
suicidal_tendency:blink_rate__mean,0.577900455699294,0.6045875390392508,300,0.005,0.995
suicidal_tendency:blink_rate__std,0.025770416162399962,0.1203269869392924,300,0.005,0.995
suicidal_tendency:blink_rate__min,0.0,0.540498573249358,83,0.005,0.995
suicidal_tendency:blink_rate__max,0.6517216807855125,0.6896718232920747,18,0.005,0.995
suicidal_tendency:blink_rate__range,0.1232356813340823,0.6896718232920747,135,0.005,0.995
suicidal_tendency:blink_rate__slope,-0.000490196575059329,0.000609582890926029,600,0.01,0.99
suicidal_tendency:blink_duration__mean,0.3734136887184581,0.42434249954907277,300,0.005,0.995
suicidal_tendency:blink_duration__std,0.061490061815368376,0.08725615039970866,300,0.005,0.995
suicidal_tendency:blink_duration__min,0.1721319876973399,0.2821692763058096,87,0.005,0.995
suicidal_tendency:blink_duration__max,0.524819127306444,0.6516779095845987,150,0.005,0.995
suicidal_tendency:blink_duration__range,0.2560187676220806,0.4795459218872588,140,0.005,0.995
suicidal_tendency:blink_duration__slope,-0.0008331672211489209,0.0008394744013004808,600,0.01,0.99
suicidal_tendency:blink_cluster_density__mean,0.1475312625624916,0.18352177716437704,300,0.005,0.995
suicidal_tendency:blink_cluster_density__std,0.07933929486508558,0.1004168688682695,300,0.005,0.995
suicidal_tendency:blink_cluster_density__min,0.0,0.0119377427911404,17,0.005,0.995
suicidal_tendency:blink_cluster_density__max,0.3294718799187079,0.406790452172947,150,0.005,0.995
suicidal_tendency:blink_cluster_density__range,0.32759408076369856,0.406790452172947,150,0.005,0.995
suicidal_tendency:blink_cluster_density__slope,-0.000971685142559806,0.0008627182635028618,600,0.01,0.99
suicidal_tendency:eye_contact_ratio__mean,0.11101982186852141,0.1316301195265543,300,0.005,0.995
suicidal_tendency:eye_contact_ratio__std,0.040599927524552895,0.05663823265271848,300,0.005,0.995
suicidal_tendency:eye_contact_ratio__min,0.0,0.0451677388129907,38,0.005,0.995
suicidal_tendency:eye_contact_ratio__max,0.1979020699665636,0.2920465783468819,31,0.005,0.995
suicidal_tendency:eye_contact_ratio__range,0.17729547833309797,0.2920465783468819,150,0.005,0.995
suicidal_tendency:eye_contact_ratio__slope,-0.0004711751689642009,0.0005140135404327219,600,0.01,0.99
suicidal_tendency:downward_gaze_frequency__mean,0.9334059098384022,0.9936202079940321,296,0.005,0.995
suicidal_tendency:downward_gaze_frequency__std,0.0385160255830155,0.21626878374317388,291,0.005,0.995
suicidal_tendency:downward_gaze_frequency__min,0.0,0.8009805175599918,75,0.005,0.995
suicidal_tendency:downward_gaze_frequency__range,0.1990194824400082,1.0,75,0.005,0.995
suicidal_tendency:downward_gaze_frequency__slope,-0.001441708620921259,0.0013261283614337156,600,0.01,0.99
suicidal_tendency:gaze_shift_frequency__mean,0.9907735940869773,1.0,150,0.005,0.995
suicidal_tendency:gaze_shift_frequency__std,0.0,0.0498975602553732,146,0.005,0.995
suicidal_tendency:gaze_shift_frequency__min,0.6542995618558562,1.0,0,0.005,0.995
suicidal_tendency:gaze_shift_frequency__range,0.0,0.3457004381441437,0,0.005,0.995
suicidal_tendency:gaze_shift_frequency__slope,-0.000259271351293554,0.0002758528438470848,600,0.01,0.99
suicidal_tendency:baseline_eye_openness__mean,0.3314469060616061,0.37930227604670597,300,0.005,0.995
suicidal_tendency:baseline_eye_openness__std,0.06565704447434681,0.10243491778733971,300,0.005,0.995
suicidal_tendency:baseline_eye_openness__min,0.0580113605570442,0.18861771187715,124,0.005,0.995
suicidal_tendency:baseline_eye_openness__max,0.4824094859833262,0.6342915852309526,85,0.005,0.995
suicidal_tendency:baseline_eye_openness__range,0.3398155031388524,0.5762802246739085,143,0.005,0.995
suicidal_tendency:baseline_eye_openness__slope,-0.000723586086652896,0.0008642703679769758,600,0.01,0.99
suicidal_tendency:response_latency_mean__mean,128.24791948789604,205.88027555776102,300,0.005,0.995
suicidal_tendency:response_latency_mean__std,141.9318877031726,192.5038646577883,300,0.005,0.995
suicidal_tendency:response_latency_mean__max,518.7422937255338,782.1224318109059,110,0.005,0.995
suicidal_tendency:response_latency_mean__range,517.7422937255338,781.1224318109059,110,0.005,0.995
suicidal_tendency:response_latency_mean__slope,-1.4763754514678422,1.6454975863360282,600,0.01,0.99
suicidal_tendency:speech_onset_delay__mean,48.753794193660006,67.84588870340761,300,0.005,0.995
suicidal_tendency:speech_onset_delay__std,48.31925759446102,68.70830514971387,300,0.005,0.995
suicidal_tendency:speech_onset_delay__max,177.10605693941454,265.55154135959646,140,0.005,0.995
suicidal_tendency:speech_onset_delay__range,177.10605693941454,265.55154135959646,140,0.005,0.995
suicidal_tendency:speech_onset_delay__slope,-0.4387423787603444,0.48174892897927335,600,0.01,0.99
suicidal_tendency:nod_onset_latency__mean,1.2711508189242329,1.6710851765163786,300,0.005,0.995
suicidal_tendency:nod_onset_latency__std,0.9619486432009046,1.2907457172994188,300,0.005,0.995
suicidal_tendency:nod_onset_latency__max,3.4690492443232936,6.127587995925917,146,0.005,0.995
suicidal_tendency:nod_onset_latency__range,3.4690492443232936,6.127587995925917,146,0.005,0.995
suicidal_tendency:nod_onset_latency__slope,-0.01001008956142599,0.0087466189755288,600,0.01,0.99
suicidal_tendency:pause_duration_mean__mean,0.5344827586206896,0.7735673867576267,293,0.005,0.995
suicidal_tendency:pause_duration_mean__std,0.41904568127830555,0.5017341399171531,300,0.005,0.995
suicidal_tendency:pause_duration_mean__slope,-0.003862970836631399,0.003822404918606016,600,0.01,0.99
suicidal_tendency:extended_silence_ratio__mean,0.24968508139406986,0.4255863897096496,300,0.005,0.995
suicidal_tendency:extended_silence_ratio__std,0.2908864606597924,0.3597040633287885,300,0.005,0.995
suicidal_tendency:extended_silence_ratio__max,0.9643776252875718,1.0,0,0.005,0.995
suicidal_tendency:extended_silence_ratio__range,0.9643776252875718,1.0,0,0.005,0.995
suicidal_tendency:extended_silence_ratio__slope,-0.002625759198849249,0.0026827075904081,600,0.01,0.99
suicidal_tendency:reaction_time_instability_index__mean,0.0002444847390076635,0.000544002965866009,300,0.005,0.995
suicidal_tendency:reaction_time_instability_index__std,0.000339454928337726,0.0007636731470924243,300,0.005,0.995
suicidal_tendency:reaction_time_instability_index__max,0.0015307909985017,0.0026524575689526,148,0.005,0.995
suicidal_tendency:reaction_time_instability_index__range,0.0015307909985017,0.0026524575689526,148,0.005,0.995
suicidal_tendency:reaction_time_instability_index__slope,-4.565454464342772e-06,3.886747270104669e-06,600,0.01,0.99
