feature_a,feature_b,correlation,abs_correlation
au20_activation_rate__max,au20_activation_rate__range,1.0,1.0
micro_motion_energy__max,micro_motion_energy__range,0.9999999953292663,0.9999999953292663
landmark_displacement_mean__max,landmark_displacement_mean__range,0.9998010230134522,0.9998010230134522
au12_variance__max,au12_variance__range,0.9995755069039887,0.9995755069039887
downward_gaze_frequency__mean,downward_gaze_frequency__max,0.9982662848510309,0.9982662848510309
blink_rate__mean,blink_rate__max,0.9978909618749913,0.9978909618749913
overall_au_variance__max,overall_au_variance__range,0.9973528962409098,0.9973528962409098
blink_rate__mean,blink_rate__min,0.9971587085017687,0.9971587085017687
lip_compression_frequency__std,lip_compression_frequency__range,0.9968531230339405,0.9968531230339405
au12_variance__std,au12_variance__range,0.9960095020874019,0.9960095020874019
au4_mean_activation__min,au4_mean_activation__range,-0.9955936267010906,0.9955936267010906
au12_variance__std,au12_variance__max,0.9955699242893533,0.9955699242893533
head_motion_energy__max,head_motion_energy__range,0.9947067238039758,0.9947067238039758
blink_rate__min,blink_rate__max,0.9942827934193311,0.9942827934193311
au15_mean_amplitude__std,au15_mean_amplitude__range,0.9940840374287371,0.9940840374287371
eye_contact_ratio__mean,eye_contact_ratio__min,0.9940627025515686,0.9940627025515686
au20_activation_rate__mean,au20_activation_rate__std,0.9923679040062107,0.9923679040062107
overall_au_variance__mean,overall_au_variance__std,0.9922706318966346,0.9922706318966346
mean_head_velocity__std,mean_head_velocity__range,0.9921145304767499,0.9921145304767499
response_latency_mean__std,response_latency_mean__range,0.992055935241814,0.992055935241814
gesture_frequency__mean,gesture_frequency__max,0.9910756958534006,0.9910756958534006
eye_contact_ratio__mean,eye_contact_ratio__max,0.988826758069333,0.988826758069333
head_motion_energy__std,head_motion_energy__range,0.9885921583660754,0.9885921583660754
lip_compression_frequency__std,response_latency_mean__std,0.9885139062209438,0.9885139062209438
au15_mean_amplitude__max,au15_mean_amplitude__range,0.9875869782041716,0.9875869782041716
blink_cluster_density__std,blink_cluster_density__range,0.9873927011379896,0.9873927011379896
lip_compression_frequency__range,response_latency_mean__std,0.9852662220525098,0.9852662220525098
gaze_shift_frequency__mean,gaze_shift_frequency__max,0.9846819125025656,0.9846819125025656
au15_mean_amplitude__range,response_latency_mean__std,0.9845479212854803,0.9845479212854803
motion_energy_floor_score__std,motion_energy_floor_score__range,0.9843841998928274,0.9843841998928274
au20_activation_rate__std,nod_onset_latency__std,0.9843265033373477,0.9843265033373477
speech_onset_delay__std,extended_silence_ratio__std,0.9841482285114098,0.9841482285114098
head_motion_energy__std,head_motion_energy__max,0.9841067387269089,0.9841067387269089
response_latency_mean__min,pause_duration_mean__min,0.9840963875341635,0.9840963875341635
au15_mean_amplitude__std,au15_mean_amplitude__max,0.9838573763035385,0.9838573763035385
nod_onset_latency__std,extended_silence_ratio__std,0.9836150703969941,0.9836150703969941
au4_duration_ratio__std,au4_duration_ratio__range,0.9821800030274408,0.9821800030274408
au15_mean_amplitude__range,response_latency_mean__range,0.9819707895379176,0.9819707895379176
au4_duration_ratio__std,extended_silence_ratio__std,0.9815370910721164,0.9815370910721164
au20_activation_rate__std,extended_silence_ratio__std,0.980986645731897,0.980986645731897
au15_mean_amplitude__std,response_latency_mean__std,0.9806491127707754,0.9806491127707754
lip_compression_frequency__std,response_latency_mean__range,0.9805871179250997,0.9805871179250997
au12_activation_frequency__std,au12_activation_frequency__range,0.9805414632685091,0.9805414632685091
au1_au2_peak_intensity__std,au1_au2_peak_intensity__range,0.9802459160849353,0.9802459160849353
nod_onset_latency__std,nod_onset_latency__range,0.9798932500646862,0.9798932500646862
response_latency_mean__max,response_latency_mean__range,0.9798670804183054,0.9798670804183054
au15_mean_amplitude__std,response_latency_mean__range,0.9791873842143358,0.9791873842143358
au20_activation_rate__std,speech_onset_delay__std,0.9789650676987086,0.9789650676987086
speech_onset_delay__std,nod_onset_latency__std,0.9788834800258618,0.9788834800258618
au4_duration_ratio__std,nod_onset_latency__std,0.9788586985829577,0.9788586985829577
au4_duration_ratio__std,au20_activation_rate__std,0.9778252461179702,0.9778252461179702
gesture_frequency__mean,gesture_frequency__min,0.9777420621791066,0.9777420621791066
au20_activation_rate__std,nod_onset_latency__range,0.9777350753654428,0.9777350753654428
gaze_shift_frequency__mean,gaze_shift_frequency__min,0.9775387739640605,0.9775387739640605
posture_rigidity_index__mean,posture_rigidity_index__max,0.9773778390798686,0.9773778390798686
lip_compression_frequency__range,response_latency_mean__range,0.9773708147427044,0.9773708147427044
nod_onset_latency__range,extended_silence_ratio__std,0.9768957897360127,0.9768957897360127
au12_variance__mean,au12_variance__max,0.9759179755268291,0.9759179755268291
au12_variance__mean,au12_variance__std,0.9758134631912851,0.9758134631912851
au20_activation_rate__mean,nod_onset_latency__std,0.9755012240618584,0.9755012240618584
au4_duration_ratio__range,nod_onset_latency__std,0.9753257473776854,0.9753257473776854
au20_activation_rate__mean,extended_silence_ratio__std,0.9750937917951619,0.9750937917951619
extended_silence_ratio__std,extended_silence_ratio__range,0.9746405919917752,0.9746405919917752
near_zero_au_activation_ratio__std,near_zero_au_activation_ratio__range,0.974580706981269,0.974580706981269
blink_rate__min,blink_cluster_density__min,0.9741444403125847,0.9741444403125847
au4_duration_ratio__std,speech_onset_delay__std,0.9738176351959653,0.9738176351959653
au4_duration_ratio__range,au20_activation_rate__std,0.9731665143040198,0.9731665143040198
au4_duration_ratio__std,nod_onset_latency__range,0.973062872617419,0.973062872617419
eye_contact_ratio__std,eye_contact_ratio__range,0.9727230857253623,0.9727230857253623
au20_activation_rate__mean,nod_onset_latency__range,0.9723748630174293,0.9723748630174293
blink_rate__mean,blink_cluster_density__min,0.9722544080236679,0.9722544080236679
nod_onset_latency__std,extended_silence_ratio__range,0.972076848617786,0.972076848617786
au12_mean_amplitude__mean,au12_mean_amplitude__min,0.9720408404068221,0.9720408404068221
au20_activation_rate__mean,speech_onset_delay__std,0.97195690800354,0.97195690800354
au12_variance__mean,au12_variance__range,0.9716370543485504,0.9716370543485504
response_latency_mean__std,response_latency_mean__max,0.9715992281314774,0.9715992281314774
au15_mean_amplitude__range,lip_compression_frequency__std,0.971291521727436,0.971291521727436
au4_duration_ratio__std,au20_activation_rate__mean,0.9701932742563346,0.9701932742563346
eye_contact_ratio__min,eye_contact_ratio__max,0.9694380136262859,0.9694380136262859
au20_activation_rate__std,extended_silence_ratio__range,0.9692734990160015,0.9692734990160015
au4_duration_ratio__range,extended_silence_ratio__std,0.969265721917633,0.969265721917633
speech_onset_delay__std,speech_onset_delay__range,0.9687296593211907,0.9687296593211907
overall_au_variance__std,motion_energy_floor_score__range,0.9684720942965621,0.9684720942965621
speech_onset_delay__range,extended_silence_ratio__std,0.968333645145963,0.968333645145963
speech_onset_delay__std,extended_silence_ratio__range,0.9680958646340313,0.9680958646340313
overall_au_variance__std,motion_energy_floor_score__std,0.9672189599677724,0.9672189599677724
reaction_time_instability_index__min,reaction_time_instability_index__max,0.9670101586971651,0.9670101586971651
blink_rate__max,blink_cluster_density__min,0.9669936329482487,0.9669936329482487
au20_activation_rate__std,au20_activation_rate__range,0.9669495327611881,0.9669495327611881
au20_activation_rate__std,au20_activation_rate__max,0.9669495327611881,0.9669495327611881
au4_duration_ratio__std,extended_silence_ratio__range,0.9668823169394836,0.9668823169394836
au4_duration_ratio__range,speech_onset_delay__std,0.9668288556454702,0.9668288556454702
au15_mean_amplitude__range,lip_compression_frequency__range,0.9666323145809318,0.9666323145809318
speech_onset_delay__range,nod_onset_latency__std,0.9656033805241218,0.9656033805241218
mean_head_velocity__std,head_motion_energy__range,0.965232175708342,0.965232175708342
au12_activation_frequency__std,blink_cluster_density__std,0.965077497834179,0.965077497834179
au20_activation_rate__std,speech_onset_delay__range,0.9650195350580415,0.9650195350580415
au12_activation_frequency__range,blink_cluster_density__range,0.9649086276891257,0.9649086276891257
au15_mean_amplitude__std,lip_compression_frequency__std,0.9645993218569858,0.9645993218569858
speech_onset_delay__std,nod_onset_latency__range,0.9645783131905141,0.9645783131905141
mean_head_velocity__range,head_motion_energy__range,0.9643414515352724,0.9643414515352724
reaction_time_instability_index__mean,reaction_time_instability_index__max,0.9640616885490949,0.9640616885490949
au15_mean_amplitude__std,response_latency_mean__max,0.9639209404851953,0.9639209404851953
speech_onset_delay__range,extended_silence_ratio__range,0.9637526407464219,0.9637526407464219
au12_activation_frequency__range,blink_cluster_density__std,0.9637418267207915,0.9637418267207915
pause_duration_mean__min,pause_duration_mean__max,0.9636453061063422,0.9636453061063422
mean_head_velocity__std,head_motion_energy__std,0.9631588705005415,0.9631588705005415
au4_duration_ratio__range,nod_onset_latency__range,0.963113099135358,0.963113099135358
au15_mean_amplitude__range,response_latency_mean__max,0.9630727408249821,0.9630727408249821
posture_rigidity_index__std,posture_rigidity_index__range,0.9629276135792109,0.9629276135792109
blink_cluster_density__range,nod_onset_latency__std,0.9622098168614795,0.9622098168614795
nod_onset_latency__range,extended_silence_ratio__range,0.9619318993788458,0.9619318993788458
reaction_time_instability_index__mean,reaction_time_instability_index__min,0.9618194287411376,0.9618194287411376
mean_head_velocity__max,mean_head_velocity__range,0.9614745126345401,0.9614745126345401
overall_au_variance__mean,mean_head_velocity__range,0.9611633701887523,0.9611633701887523
blink_duration__std,blink_duration__range,0.9611544621037029,0.9611544621037029
near_zero_au_activation_ratio__min,near_zero_au_activation_ratio__range,-0.9611463501931548,0.9611463501931548
au12_activation_frequency__std,blink_cluster_density__range,0.9611208439398499,0.9611208439398499
au20_activation_rate__mean,extended_silence_ratio__range,0.9610678655460784,0.9610678655460784
au4_duration_ratio__range,au20_activation_rate__mean,0.9610200161894799,0.9610200161894799
eye_contact_ratio__range,nod_onset_latency__std,0.9603695889675934,0.9603695889675934
facial_transition_frequency__std,facial_transition_frequency__range,0.9599854371430361,0.9599854371430361
pause_duration_mean__mean,pause_duration_mean__max,0.9596124333614389,0.9596124333614389
au4_duration_ratio__range,extended_silence_ratio__range,0.9593258997617178,0.9593258997617178
au15_mean_amplitude__std,lip_compression_frequency__range,0.959048813318788,0.959048813318788
pause_duration_mean__mean,pause_duration_mean__min,0.9589665136344594,0.9589665136344594
au4_duration_ratio__std,speech_onset_delay__range,0.9588451845991574,0.9588451845991574
response_latency_mean__min,pause_duration_mean__mean,0.9588118401595442,0.9588118401595442
au15_mean_amplitude__max,response_latency_mean__std,0.9586161343882134,0.9586161343882134
mean_head_velocity__range,head_motion_energy__std,0.9580383195515239,0.9580383195515239
au4_duration_ratio__range,speech_onset_delay__range,0.9579069213659624,0.9579069213659624
mean_head_velocity__std,mean_head_velocity__max,0.9577119477352145,0.9577119477352145
au20_activation_rate__std,eye_contact_ratio__range,0.9576885175096057,0.9576885175096057
au15_mean_amplitude__max,response_latency_mean__range,0.9570074369391187,0.9570074369391187
speech_onset_delay__range,nod_onset_latency__range,0.956737699803215,0.956737699803215
au12_activation_frequency__range,blink_duration__range,0.95661381507109,0.95661381507109
au4_duration_ratio__range,blink_cluster_density__range,0.9562629567782219,0.9562629567782219
lip_compression_frequency__std,response_latency_mean__max,0.9560562168019112,0.9560562168019112
eye_contact_ratio__range,extended_silence_ratio__std,0.9557956857020197,0.9557956857020197
au4_duration_ratio__std,eye_contact_ratio__range,0.9557789612849886,0.9557789612849886
response_latency_mean__min,pause_duration_mean__max,0.9555908466035179,0.9555908466035179
au20_activation_rate__mean,speech_onset_delay__range,0.9555174040374932,0.9555174040374932
overall_au_variance__mean,motion_energy_floor_score__std,0.9553956424957041,0.9553956424957041
au12_activation_frequency__std,blink_duration__range,0.9547323911481415,0.9547323911481415
overall_au_variance__std,overall_au_variance__range,0.9547184947352906,0.9547184947352906
au20_activation_rate__mean,au20_activation_rate__range,0.9545208032019336,0.9545208032019336
au20_activation_rate__mean,au20_activation_rate__max,0.9545208032019336,0.9545208032019336
mean_head_velocity__max,head_motion_energy__range,0.9543759683060945,0.9543759683060945
eye_contact_ratio__range,speech_onset_delay__std,0.954204413482815,0.954204413482815
overall_au_variance__mean,motion_energy_floor_score__range,0.9540839905690821,0.9540839905690821
mean_head_velocity__max,head_motion_energy__max,0.9537260688960709,0.9537260688960709
au4_duration_ratio__std,eye_contact_ratio__std,0.9536508622265107,0.9536508622265107
eye_contact_ratio__range,nod_onset_latency__range,0.9534426866497171,0.9534426866497171
overall_au_variance__mean,mean_head_velocity__std,0.9533543589467133,0.9533543589467133
au4_duration_ratio__range,eye_contact_ratio__range,0.9529806070183738,0.9529806070183738
mean_head_velocity__std,head_motion_energy__max,0.95292790456304,0.95292790456304
gesture_frequency__min,gesture_frequency__max,0.9529034709351849,0.9529034709351849
mean_head_velocity__range,head_motion_energy__max,0.9514392606950715,0.9514392606950715
mean_head_velocity__max,head_motion_energy__std,0.950371281410686,0.950371281410686
eye_contact_ratio__range,speech_onset_delay__range,0.9503317435633784,0.9503317435633784
au20_activation_rate__max,nod_onset_latency__std,0.9502261496813399,0.9502261496813399
au20_activation_rate__range,nod_onset_latency__std,0.9502261496813399,0.9502261496813399
au12_variance__range,head_motion_energy__range,0.9499269549602259,0.9499269549602259
blink_cluster_density__range,speech_onset_delay__std,0.9496511864404208,0.9496511864404208
lip_compression_frequency__range,response_latency_mean__max,0.949646713021698,0.949646713021698
eye_contact_ratio__std,nod_onset_latency__std,0.949631200062157,0.949631200062157
au12_variance__std,head_motion_energy__range,0.9492966845185634,0.9492966845185634
eye_contact_ratio__std,extended_silence_ratio__std,0.9483180452146384,0.9483180452146384
au12_variance__range,head_motion_energy__max,0.9482797505392534,0.9482797505392534
au12_variance__std,head_motion_energy__std,0.948256528804007,0.948256528804007
au12_variance__range,au1_au2_peak_intensity__std,0.9482274915998469,0.9482274915998469
au12_variance__std,au1_au2_peak_intensity__std,0.9480625356361865,0.9480625356361865
au12_variance__max,head_motion_energy__range,0.9478673348501246,0.9478673348501246
overall_au_variance__std,near_zero_au_activation_ratio__range,0.9478181730057903,0.9478181730057903
au12_variance__std,head_motion_energy__max,0.9477805230198583,0.9477805230198583
au20_activation_rate__max,nod_onset_latency__range,0.9476781285963924,0.9476781285963924
au20_activation_rate__range,nod_onset_latency__range,0.9476781285963924,0.9476781285963924
au20_activation_rate__std,blink_cluster_density__range,0.9476157350268704,0.9476157350268704
au20_activation_rate__std,eye_contact_ratio__std,0.9471554367735558,0.9471554367735558
au12_variance__max,head_motion_energy__max,0.9471319520604456,0.9471319520604456
eye_contact_ratio__std,speech_onset_delay__std,0.9469469905918022,0.9469469905918022
eye_contact_ratio__range,extended_silence_ratio__range,0.9467121443594096,0.9467121443594096
blink_duration__range,blink_cluster_density__std,0.946566966847889,0.946566966847889
near_zero_au_activation_ratio__std,motion_energy_floor_score__std,0.9464672852412449,0.9464672852412449
au20_activation_rate__mean,eye_contact_ratio__range,0.9463427002282762,0.9463427002282762
blink_duration__range,blink_cluster_density__range,0.946239950242332,0.946239950242332
blink_cluster_density__std,nod_onset_latency__std,0.9459385105906372,0.9459385105906372
facial_transition_frequency__range,near_zero_au_activation_ratio__std,0.9455946985745035,0.9455946985745035
au12_variance__range,head_motion_energy__std,0.9455624779734689,0.9455624779734689
au4_duration_ratio__range,au20_activation_rate__range,0.9455271764216611,0.9455271764216611
au4_duration_ratio__range,au20_activation_rate__max,0.9455271764216611,0.9455271764216611
au12_variance__max,au1_au2_peak_intensity__std,0.9455153102611008,0.9455153102611008
au12_variance__max,head_motion_energy__std,0.9435010253647859,0.9435010253647859
near_zero_au_activation_ratio__std,motion_energy_floor_score__range,0.9433709078654411,0.9433709078654411
posture_rigidity_index__max,posture_rigidity_index__range,0.9429602746475707,0.9429602746475707
near_zero_au_activation_ratio__range,motion_energy_floor_score__range,0.9426678444170946,0.9426678444170946
overall_au_variance__std,mean_head_velocity__range,0.9420126380450106,0.9420126380450106
gaze_shift_frequency__min,gaze_shift_frequency__max,0.9417951369424881,0.9417951369424881
eye_contact_ratio__std,nod_onset_latency__range,0.9413020834965614,0.9413020834965614
au12_mean_amplitude__min,eye_contact_ratio__min,0.9412086237570749,0.9412086237570749
overall_au_variance__std,overall_au_variance__max,0.9402889181358411,0.9402889181358411
au4_duration_ratio__range,eye_contact_ratio__std,0.9394834660840027,0.9394834660840027
blink_cluster_density__range,eye_contact_ratio__range,0.939117994990299,0.939117994990299
eye_contact_ratio__std,extended_silence_ratio__range,0.9385596009246838,0.9385596009246838
near_zero_au_activation_ratio__range,motion_energy_floor_score__std,0.9384195965165976,0.9384195965165976
au20_activation_rate__mean,eye_contact_ratio__std,0.9380824226838093,0.9380824226838093
au4_duration_ratio__range,blink_cluster_density__std,0.9379444538084231,0.9379444538084231
near_zero_au_activation_ratio__std,near_zero_au_activation_ratio__min,-0.9377637776464529,0.9377637776464529
overall_au_variance__mean,near_zero_au_activation_ratio__range,0.9375273345462912,0.9375273345462912
au4_duration_ratio__std,blink_cluster_density__range,0.9368864852728035,0.9368864852728035
overall_au_variance__std,near_zero_au_activation_ratio__std,0.9368781954741568,0.9368781954741568
au20_activation_rate__range,extended_silence_ratio__std,0.9367983053578954,0.9367983053578954
au20_activation_rate__max,extended_silence_ratio__std,0.9367983053578954,0.9367983053578954
blink_cluster_density__std,speech_onset_delay__std,0.9365093948214387,0.9365093948214387
blink_cluster_density__range,extended_silence_ratio__std,0.9363496424961394,0.9363496424961394
blink_cluster_density__range,extended_silence_ratio__range,0.936274082882934,0.936274082882934
au20_activation_rate__max,speech_onset_delay__std,0.9360749032196642,0.9360749032196642
au20_activation_rate__range,speech_onset_delay__std,0.9360749032196642,0.9360749032196642
au15_mean_amplitude__max,lip_compression_frequency__std,0.9358562294526878,0.9358562294526878
au12_activation_frequency__std,blink_duration__std,0.9354289201367303,0.9354289201367303
au15_mean_amplitude__max,response_latency_mean__max,0.9352152168032788,0.9352152168032788
au12_variance__range,au1_au2_peak_intensity__range,0.9348834870885036,0.9348834870885036
blink_cluster_density__range,speech_onset_delay__range,0.9345318226405578,0.9345318226405578
blink_duration__std,blink_cluster_density__std,0.9343198153522636,0.9343198153522636
au20_activation_rate__range,speech_onset_delay__range,0.9342837210671034,0.9342837210671034
au20_activation_rate__max,speech_onset_delay__range,0.9342837210671034,0.9342837210671034
au4_duration_ratio__std,au20_activation_rate__range,0.9339386881828177,0.9339386881828177
au4_duration_ratio__std,au20_activation_rate__max,0.9339386881828177,0.9339386881828177
overall_au_variance__std,mean_head_velocity__std,0.9339356626118143,0.9339356626118143
eye_contact_ratio__std,speech_onset_delay__range,0.9333651098921184,0.9333651098921184
overall_au_variance__mean,overall_au_variance__range,0.932598197782415,0.932598197782415
au20_activation_rate__std,blink_cluster_density__std,0.9325883479240182,0.9325883479240182
au4_duration_ratio__min,au4_duration_ratio__range,-0.932524710069245,0.932524710069245
facial_transition_frequency__range,near_zero_au_activation_ratio__range,0.9321726013702006,0.9321726013702006
lip_compression_frequency__mean,lip_compression_frequency__max,0.9316716885958476,0.9316716885958476
au12_variance__max,au1_au2_peak_intensity__range,0.9316237923334887,0.9316237923334887
au4_mean_activation__std,au4_mean_activation__range,0.9315954642898633,0.9315954642898633
blink_cluster_density__range,nod_onset_latency__range,0.931579360306264,0.931579360306264
overall_au_variance__range,motion_energy_floor_score__range,0.9314669189468708,0.9314669189468708
blink_duration__std,blink_cluster_density__range,0.9309748427239584,0.9309748427239584
au12_mean_amplitude__min,eye_contact_ratio__mean,0.9303537952905023,0.9303537952905023
au1_au2_peak_intensity__max,au1_au2_peak_intensity__range,0.9302031146430507,0.9302031146430507
au12_activation_frequency__range,posture_rigidity_index__range,0.9297096349526315,0.9297096349526315
au20_activation_rate__mean,blink_cluster_density__range,0.9296149138693027,0.9296149138693027
au12_activation_frequency__range,blink_duration__std,0.9289935735144111,0.9289935735144111
au20_activation_rate__max,extended_silence_ratio__range,0.9282492350072776,0.9282492350072776
au20_activation_rate__range,extended_silence_ratio__range,0.9282492350072776,0.9282492350072776
au15_mean_amplitude__max,lip_compression_frequency__range,0.9279457860977051,0.9279457860977051
au20_activation_rate__max,eye_contact_ratio__range,0.9278820338501477,0.9278820338501477
au20_activation_rate__range,eye_contact_ratio__range,0.9278820338501477,0.9278820338501477
au12_activation_frequency__std,posture_rigidity_index__range,0.9269761261137844,0.9269761261137844
overall_au_variance__range,motion_energy_floor_score__std,0.9269287605318897,0.9269287605318897
au12_mean_amplitude__mean,eye_contact_ratio__mean,0.9267992589125047,0.9267992589125047
response_latency_mean__min,extended_silence_ratio__min,0.9267703205557176,0.9267703205557176
au12_variance__std,au1_au2_peak_intensity__range,0.9267607924954065,0.9267607924954065
au12_variance__mean,head_motion_energy__max,0.9266033534652667,0.9266033534652667
pause_duration_mean__min,extended_silence_ratio__min,0.9265956834161589,0.9265956834161589
au20_activation_rate__max,blink_cluster_density__range,0.9257006533418362,0.9257006533418362
au20_activation_rate__range,blink_cluster_density__range,0.9257006533418362,0.9257006533418362
posture_rigidity_index__range,blink_duration__range,0.9255183059745671,0.9255183059745671
au12_activation_frequency__range,nod_onset_latency__std,0.9241929155844208,0.9241929155844208
head_velocity_peak__range,blink_cluster_density__range,0.9239374329851557,0.9239374329851557
au12_activation_frequency__range,au4_duration_ratio__range,0.9236537040493211,0.9236537040493211
speech_onset_delay__max,speech_onset_delay__range,0.9234001169657609,0.9234001169657609
motion_energy_floor_score__min,motion_energy_floor_score__range,-0.9224830582306517,0.9224830582306517
au12_mean_amplitude__mean,eye_contact_ratio__min,0.9224191776883731,0.9224191776883731
au12_variance__mean,head_motion_energy__range,0.922254025978304,0.922254025978304
au12_activation_frequency__range,head_velocity_peak__range,0.9209079986855159,0.9209079986855159
micro_motion_energy__std,micro_motion_energy__range,0.9207933076737898,0.9207933076737898
micro_motion_energy__std,micro_motion_energy__max,0.9207903522969616,0.9207903522969616
au12_variance__mean,head_motion_energy__std,0.9206853431400254,0.9206853431400254
au4_mean_activation__std,au4_mean_activation__min,-0.9204984503413942,0.9204984503413942
head_velocity_peak__range,posture_rigidity_index__range,0.9202133729922329,0.9202133729922329
au4_duration_ratio__std,blink_cluster_density__std,0.9201845403993383,0.9201845403993383
blink_cluster_density__std,eye_contact_ratio__range,0.9197443816047944,0.9197443816047944
au12_activation_frequency__mean,au12_activation_frequency__min,0.9196470123650871,0.9196470123650871
blink_cluster_density__range,eye_contact_ratio__std,0.91927852406473,0.91927852406473
head_velocity_peak__range,posture_rigidity_index__std,0.9189546516890379,0.9189546516890379
blink_cluster_density__std,extended_silence_ratio__range,0.9189118037760986,0.9189118037760986
mean_head_velocity__mean,mean_head_velocity__max,0.9187513913518492,0.9187513913518492
overall_au_variance__range,near_zero_au_activation_ratio__std,0.9186677726200142,0.9186677726200142
gesture_frequency__min,eye_contact_ratio__max,0.9184452558925833,0.9184452558925833
facial_transition_frequency__range,motion_energy_floor_score__range,0.9184220497826593,0.9184220497826593
facial_transition_frequency__range,motion_energy_floor_score__std,0.9180474814843631,0.9180474814843631
overall_au_variance__mean,overall_au_variance__max,0.9176538929323145,0.9176538929323145
overall_au_variance__mean,near_zero_au_activation_ratio__std,0.9176176465660786,0.9176176465660786
posture_rigidity_index__range,blink_cluster_density__range,0.9173259923939006,0.9173259923939006
overall_au_variance__range,near_zero_au_activation_ratio__range,0.9170160414828226,0.9170160414828226
blink_cluster_density__std,extended_silence_ratio__std,0.9162696867158103,0.9162696867158103
au12_variance__range,au1_au2_peak_intensity__max,0.9160843766899229,0.9160843766899229
au12_variance__max,au1_au2_peak_intensity__max,0.9160246610216817,0.9160246610216817
posture_rigidity_index__range,blink_cluster_density__std,0.9156944554237891,0.9156944554237891
overall_au_variance__max,motion_energy_floor_score__range,0.9154358606105829,0.9154358606105829
blink_cluster_density__std,speech_onset_delay__range,0.91540462381771,0.91540462381771
au12_mean_amplitude__mean,eye_contact_ratio__max,0.915244327870895,0.915244327870895
head_velocity_peak__range,blink_cluster_density__std,0.9150824472337723,0.9150824472337723
au20_activation_rate__mean,blink_cluster_density__std,0.9144250785178611,0.9144250785178611
facial_emotional_range__range,motion_energy_floor_score__range,0.9143559297800687,0.9143559297800687
head_motion_energy__mean,head_motion_energy__max,0.9142602440976062,0.9142602440976062
patient_id,blink_cluster_density__std,0.9142027901171538,0.9142027901171538
au12_activation_frequency__range,speech_onset_delay__std,0.9136994156008419,0.9136994156008419
motion_energy_floor_score__std,motion_energy_floor_score__min,-0.9134851092166139,0.9134851092166139
head_velocity_peak__range,blink_duration__range,0.9132567917123775,0.9132567917123775
patient_id,au12_activation_frequency__std,0.9128861219365701,0.9128861219365701
blink_cluster_density__std,nod_onset_latency__range,0.9119755806366773,0.9119755806366773
au12_activation_frequency__std,nod_onset_latency__std,0.9118029864281838,0.9118029864281838
patient_id,blink_cluster_density__range,0.9115720532004993,0.9115720532004993
overall_au_variance__std,facial_transition_frequency__range,0.9115298979017481,0.9115298979017481
facial_transition_frequency__range,extended_silence_ratio__std,0.911475048324818,0.911475048324818
overall_au_variance__max,motion_energy_floor_score__std,0.9111078285203709,0.9111078285203709
near_zero_au_activation_ratio__min,motion_energy_floor_score__std,-0.9108299014767339,0.9108299014767339
near_zero_au_activation_ratio__min,motion_energy_floor_score__range,-0.9107161580402005,0.9107161580402005
au1_au2_peak_intensity__std,au1_au2_peak_intensity__max,0.9106051955949122,0.9106051955949122
gaze_shift_frequency__std,gaze_shift_frequency__range,0.9104360880858005,0.9104360880858005
patient_id,au12_activation_frequency__range,0.9100437485091567,0.9100437485091567
facial_transition_frequency__std,near_zero_au_activation_ratio__std,0.9096817420706959,0.9096817420706959
head_velocity_peak__max,head_velocity_peak__range,0.9095737897090151,0.9095737897090151
au12_activation_frequency__std,au4_duration_ratio__range,0.9094866821903344,0.9094866821903344
au12_activation_frequency__range,au20_activation_rate__std,0.9093695217062806,0.9093695217062806
au12_activation_frequency__std,head_velocity_peak__range,0.909308638283961,0.909308638283961
pause_duration_mean__mean,extended_silence_ratio__min,0.909000922573315,0.909000922573315
au20_activation_rate__max,blink_cluster_density__std,0.9085158494726678,0.9085158494726678
au20_activation_rate__range,blink_cluster_density__std,0.9085158494726678,0.9085158494726678
overall_au_variance__mean,mean_head_velocity__max,0.9069769018040036,0.9069769018040036
pause_duration_mean__max,extended_silence_ratio__min,0.9069018851655586,0.9069018851655586
au12_variance__mean,au1_au2_peak_intensity__std,0.9065832541276986,0.9065832541276986
au12_mean_amplitude__mean,au12_mean_amplitude__max,0.906339084092839,0.906339084092839
blink_cluster_density__std,eye_contact_ratio__std,0.9055025733136488,0.9055025733136488
facial_emotional_range__range,motion_energy_floor_score__std,0.905378045685584,0.905378045685584
au12_variance__std,au1_au2_peak_intensity__max,0.9052402739832123,0.9052402739832123
au20_activation_rate__range,eye_contact_ratio__std,0.9048815866884086,0.9048815866884086
au20_activation_rate__max,eye_contact_ratio__std,0.9048815866884086,0.9048815866884086
overall_au_variance__std,facial_emotional_range__range,0.903575408599814,0.903575408599814
au12_activation_frequency__std,speech_onset_delay__std,0.9035230079424164,0.9035230079424164
overall_au_variance__std,near_zero_au_activation_ratio__min,-0.9035087923788235,0.9035087923788235
au4_duration_ratio__min,blink_cluster_density__range,-0.9033320357143412,0.9033320357143412
near_zero_au_activation_ratio__std,extended_silence_ratio__std,0.9026198088095252,0.9026198088095252
overall_au_variance__max,near_zero_au_activation_ratio__std,0.9023449612817466,0.9023449612817466
au4_duration_ratio__std,facial_transition_frequency__range,0.9017223891696835,0.9017223891696835
patient_id,blink_duration__range,0.9014864961624316,0.9014864961624316
mean_head_velocity__min,motion_energy_floor_score__max,-0.9009642726621958,0.9009642726621958
overall_au_variance__max,near_zero_au_activation_ratio__range,0.9006319474313232,0.9006319474313232
au12_mean_amplitude__min,eye_contact_ratio__max,0.9003408212868094,0.9003408212868094
mean_head_velocity__range,motion_energy_floor_score__std,0.9002472518033864,0.9002472518033864
downward_gaze_frequency__std,downward_gaze_frequency__range,0.9002337523624995,0.9002337523624995
